Al,C,Co,Cr,Mn,Mo,N,Nb,Ni,Si,Ti,V,W,YieldStrength
0.04,0.18,19.46,13.44,0.01,3.01,0.04,0.01,0.01,0.01,0.0,0.46,2.35,1123.1
0.04,0.16,10.55,14.26,0.01,4.93,0.03,0.01,0.01,0.01,0.0,0.46,0.0,1405.6
0.04,0.16,15.6,14.56,0.01,4.9,0.05,0.01,0.01,0.01,0.0,0.48,0.0,1529.6
0.04,0.16,15.6,14.56,0.01,4.9,0.05,0.01,0.01,0.01,0.0,0.48,0.0,1474.5
0.04,0.16,16.2,13.56,0.01,4.7,0.04,0.01,0.01,0.01,0.0,0.4,0.0,1274.7
0.13,0.17,11.41,14.48,0.01,5.22,0.12,0.01,0.01,0.01,0.0,0.41,0.0,1536.5
0.03,0.08,13.56,14.48,0.01,4.99,0.07,0.01,0.01,0.01,0.0,0.46,0.0,1316.0
0.03,0.08,13.56,14.48,0.01,4.99,0.07,0.01,0.01,0.01,0.0,0.46,0.0,1322.9
0.03,0.08,13.56,14.48,0.01,4.99,0.07,0.01,0.01,0.01,0.0,0.46,0.0,1295.3
0.05,0.12,13.45,14.4,0.01,4.99,0.03,0.01,0.01,0.01,0.0,0.41,0.0,1322.9
0.03,0.12,13.48,14.52,0.01,5.09,0.03,0.01,0.01,0.01,0.0,0.43,0.0,1515.8
0.05,0.21,13.45,14.58,0.01,5.02,0.02,0.01,0.01,0.01,0.0,0.46,0.0,1529.6
0.05,0.21,13.48,14.6,0.01,5.02,0.02,0.01,0.01,0.01,0.0,0.41,0.0,1405.6
0.05,0.15,13.49,14.48,0.01,5.06,0.15,0.01,0.01,0.01,0.0,0.46,0.0,1164.4
0.03,0.07,13.41,15.54,0.01,4.99,0.03,0.01,0.01,0.01,0.0,0.41,0.0,1281.5
0.03,0.07,13.41,15.54,0.01,4.99,0.03,0.01,0.01,0.01,0.0,0.41,0.0,1343.6
0.07,0.16,13.45,14.36,0.01,5.15,0.03,0.01,0.01,0.01,0.0,0.01,0.0,1460.7
0.05,0.16,13.45,14.34,0.01,5.09,0.04,0.01,0.01,0.01,0.0,0.87,0.0,1550.3
0.05,0.16,13.33,14.36,0.01,3.01,0.03,0.01,0.01,0.01,0.0,0.97,0.0,1240.2
0.03,0.15,13.64,14.36,0.01,3.04,0.03,0.01,0.01,0.01,0.0,0.41,0.0,1233.3
0.04,0.16,13.6,14.24,0.01,7.15,0.03,0.01,0.01,0.01,0.0,0.41,0.0,1460.7
0.03,0.17,13.64,14.26,0.01,5.09,0.03,0.01,0.01,0.01,0.0,0.41,0.0,1502.0
0.04,0.15,12.23,14.36,0.01,5.09,0.03,0.01,0.01,0.01,0.0,0.41,0.0,1440.0
0.04,0.15,12.23,14.36,0.01,5.09,0.03,0.01,0.01,0.01,0.0,0.41,0.0,1502.0
0.04,0.16,11.74,14.4,0.01,5.28,0.13,0.01,0.01,0.01,0.0,0.41,0.0,1646.7
0.05,0.16,13.41,14.46,0.56,5.12,0.03,0.01,0.01,0.01,0.0,0.41,0.0,1350.4
0.04,0.16,13.41,14.5,0.01,5.09,0.02,0.01,0.01,0.67,0.0,0.41,0.0,1412.5
0.2,0.01,8.14,7.93,0.01,0.2,0.01,0.0,10.02,0.03,0.49,0.0,2.29,1935.0
0.2,0.01,8.14,7.93,0.01,0.2,0.01,0.0,10.02,0.03,0.49,0.0,2.29,1250.0
0.2,0.01,8.14,7.93,0.01,0.2,0.01,0.0,10.02,0.03,0.49,0.0,2.29,1735.0
0.92,0.01,9.2,0.01,0.01,5.1,0.0,0.01,15.1,0.01,0.7,0.01,0.0,1619.2
0.92,0.01,9.2,0.01,0.01,5.1,0.0,0.01,15.1,0.01,0.7,0.01,0.0,1936.1
0.92,0.01,9.2,0.01,0.01,5.1,0.0,0.01,15.1,0.01,0.7,0.01,0.0,1729.4
0.92,0.01,9.2,0.01,0.01,5.1,0.0,0.01,15.1,0.01,0.7,0.01,0.0,1281.5
0.92,0.01,9.2,0.01,0.01,5.1,0.0,0.01,15.1,0.01,0.7,0.01,0.0,1502.0
0.92,0.01,9.2,0.01,0.01,5.1,0.0,0.01,15.1,0.01,0.7,0.01,0.0,1412.5
0.21,0.01,0.01,4.62,0.05,2.79,0.0,0.01,12.08,0.11,0.2,0.01,0.0,1167.2
0.26,0.01,0.01,4.77,0.03,3.03,0.0,0.01,12.21,0.11,0.2,0.01,0.0,1216.8
0.4,0.01,0.01,4.8,0.05,2.99,0.0,0.01,12.16,0.12,0.19,0.01,0.0,1272.6
0.57,0.01,0.01,4.65,0.08,3.13,0.0,0.01,12.11,0.05,0.2,0.01,0.0,1390.4
0.38,0.02,0.01,4.73,0.08,3.15,0.0,0.01,12.08,0.04,0.23,0.01,0.0,1243.6
0.66,0.0,0.01,4.81,0.05,2.95,0.0,0.01,11.5,0.06,0.2,0.01,0.0,1451.7
0.58,0.01,0.01,4.86,0.05,2.95,0.0,0.01,11.6,0.06,0.22,0.01,0.0,1437.3
0.51,0.01,0.01,5.32,0.05,2.93,0.0,0.01,12.95,0.06,0.2,0.01,0.0,1404.2
0.39,0.0,0.01,5.01,0.04,2.98,0.0,0.01,11.83,0.06,0.2,0.01,0.0,1324.3
0.31,0.01,0.01,5.0,0.02,3.0,0.0,0.01,12.16,0.03,0.21,0.01,0.0,1309.8
0.25,0.01,0.01,4.87,0.1,2.97,0.0,0.01,12.08,0.18,0.15,0.01,0.0,1230.6
0.23,0.02,0.01,4.98,0.21,2.97,0.0,0.01,12.26,0.19,0.14,0.01,0.0,1194.0
0.26,0.01,0.01,4.7,0.08,3.13,0.0,0.01,12.2,0.04,0.19,0.01,0.0,1212.6
0.34,0.01,0.01,4.57,0.07,3.12,0.0,0.01,12.05,0.04,0.18,0.01,0.0,1254.0
0.47,0.01,0.01,4.67,0.06,3.17,0.0,0.01,12.14,0.03,0.19,0.01,0.0,1390.4
0.05,0.01,0.01,0.01,0.04,0.02,0.0,0.01,16.7,1.87,0.08,0.01,0.0,1233.3
0.05,0.01,0.01,0.01,0.04,0.02,0.0,0.01,16.7,1.87,0.08,0.01,0.0,1143.7
0.03,0.02,0.01,0.01,0.1,0.02,0.0,0.01,18.4,2.02,0.0,0.01,0.0,1460.7
0.03,0.02,0.01,0.01,0.1,0.02,0.0,0.01,18.4,2.02,0.0,0.01,0.0,1136.9
0.05,0.01,0.01,0.01,0.06,0.02,0.0,0.01,17.8,2.58,0.07,0.01,0.0,1350.4
0.05,0.01,0.01,0.01,0.06,0.02,0.0,0.01,17.8,2.58,0.07,0.01,0.0,1267.8
0.03,0.02,0.01,0.01,0.11,0.02,0.0,0.01,18.3,3.18,0.0,0.01,0.0,1460.7
0.03,0.02,0.01,0.01,0.11,0.02,0.0,0.01,18.3,3.18,0.0,0.01,0.0,1378.0
0.05,0.01,0.01,0.01,0.1,0.02,0.0,0.01,18.5,3.3,0.11,0.01,0.0,1522.7
0.05,0.01,0.01,0.01,0.1,0.02,0.0,0.01,18.5,3.3,0.11,0.01,0.0,1426.2
0.07,0.02,0.01,0.01,0.1,0.02,0.0,0.01,18.1,4.27,0.09,0.01,0.0,1736.3
0.07,0.02,0.01,0.01,0.1,0.02,0.0,0.01,18.1,4.27,0.09,0.01,0.0,1867.2
0.03,0.35,0.01,0.01,0.07,0.02,0.0,0.01,18.5,4.75,0.0,0.01,0.0,1495.1
0.03,0.35,0.01,0.01,0.07,0.02,0.0,0.01,18.5,4.75,0.0,0.01,0.0,1005.9
0.05,0.01,0.01,0.01,1.72,0.02,0.0,0.01,18.1,0.02,0.06,0.01,0.0,1136.9
0.05,0.01,0.01,0.01,2.5,0.02,0.0,0.01,18.0,0.02,0.04,0.01,0.0,1460.7
0.05,0.01,0.01,0.01,2.5,0.02,0.0,0.01,18.0,0.02,0.04,0.01,0.0,1481.4
0.17,0.01,11.8,0.01,0.05,3.9,0.0,0.01,17.5,0.05,1.54,0.01,0.0,2452.8
0.17,0.01,11.8,0.01,0.05,3.9,0.0,0.01,17.5,0.05,1.54,0.01,0.0,2370.2
0.17,0.01,11.8,0.01,0.05,3.9,0.0,0.01,17.5,0.05,1.54,0.01,0.0,2321.9
0.08,0.01,13.0,0.01,0.05,3.6,0.0,0.01,18.0,0.05,1.88,0.01,0.0,2473.5
0.08,0.01,13.0,0.01,0.05,3.6,0.0,0.01,18.0,0.05,1.88,0.01,0.0,2404.6
0.08,0.01,13.0,0.01,0.05,3.6,0.0,0.01,18.0,0.05,1.88,0.01,0.0,2356.4
0.1,0.0,13.0,0.01,0.05,3.5,0.0,0.01,18.1,0.05,1.62,0.01,0.0,2363.3
0.1,0.0,13.0,0.01,0.05,3.5,0.0,0.01,18.1,0.05,1.62,0.01,0.0,2335.7
0.1,0.0,13.0,0.01,0.05,3.5,0.0,0.01,18.1,0.05,1.62,0.01,0.0,2294.4
0.62,0.01,11.5,0.01,0.05,4.15,0.0,0.01,17.5,0.05,1.48,0.01,0.0,2576.9
0.62,0.01,11.5,0.01,0.05,4.15,0.0,0.01,17.5,0.05,1.48,0.01,0.0,2528.6
0.62,0.01,11.5,0.01,0.05,4.15,0.0,0.01,17.5,0.05,1.48,0.01,0.0,2425.3
0.16,0.02,12.3,0.01,0.05,4.07,0.0,0.01,17.0,0.05,1.58,0.69,0.0,2383.9
0.16,0.02,12.3,0.01,0.05,4.07,0.0,0.01,17.0,0.05,1.58,0.69,0.0,2446.0
0.16,0.02,12.3,0.01,0.05,4.07,0.0,0.01,17.0,0.05,1.58,0.69,0.0,2315.0
0.13,0.01,7.9,0.01,0.05,4.97,0.0,0.01,17.4,0.05,1.5,0.01,0.0,2356.4
0.02,0.0,12.0,0.01,0.05,3.6,0.0,0.01,18.0,0.05,1.9,0.5,0.0,2446.0
0.02,0.0,12.0,0.01,0.05,3.6,0.0,0.01,18.0,0.05,1.9,0.5,0.0,2397.7
0.02,0.0,12.0,0.01,0.05,3.6,0.0,0.01,18.0,0.05,1.9,0.5,0.0,2363.3
0.23,0.01,12.2,0.01,0.05,3.95,0.0,0.01,17.2,0.05,1.78,0.01,0.0,2404.6
0.23,0.01,12.2,0.01,0.05,3.95,0.0,0.01,17.2,0.05,1.78,0.01,0.0,2397.7
0.23,0.01,12.2,0.01,0.05,3.95,0.0,0.01,17.2,0.05,1.78,0.01,0.0,2315.0
0.15,0.02,15.0,0.01,0.05,2.95,0.0,0.01,19.7,0.05,1.55,0.01,0.0,2411.5
0.13,0.01,15.0,0.01,0.05,3.95,0.0,0.01,17.7,0.05,1.47,0.01,0.0,2487.3
0.11,0.0,13.0,0.01,0.05,3.6,0.0,0.01,18.1,0.05,2.25,0.01,0.0,2521.7
0.11,0.0,13.0,0.01,0.05,3.6,0.0,0.01,18.1,0.05,2.25,0.01,0.0,2514.9
0.11,0.0,13.0,0.01,0.05,3.6,0.0,0.01,18.1,0.05,2.25,0.01,0.0,2466.6
0.13,0.01,14.9,0.01,0.05,1.45,0.0,0.01,19.4,0.05,1.55,0.01,0.0,2249.6
0.76,0.01,15.3,0.01,0.05,1.5,0.0,0.01,14.7,0.05,1.16,0.01,0.0,2157.3
0.1,0.03,6.9,0.01,0.05,0.02,0.0,0.01,16.4,0.17,0.14,4.0,0.0,1536.5
0.11,0.18,8.06,0.01,0.11,0.02,0.0,0.01,17.8,0.09,0.08,4.32,0.0,1605.4
1.0,0.04,0.01,12.52,0.01,2.1,0.0,0.01,8.63,0.02,0.0,0.01,0.0,1274.7
1.0,0.04,0.01,12.52,0.01,2.1,0.0,0.01,8.63,0.02,0.0,0.01,0.0,1296.7
1.0,0.04,0.01,12.52,0.01,2.1,0.0,0.01,8.63,0.02,0.0,0.01,0.0,1295.3
1.0,0.04,0.01,12.52,0.01,2.1,0.0,0.01,8.63,0.02,0.0,0.01,0.0,1274.7
1.0,0.04,0.01,12.52,0.01,2.1,0.0,0.01,8.63,0.02,0.0,0.01,0.0,1113.4
1.0,0.04,0.01,12.52,0.01,2.1,0.0,0.01,8.63,0.02,0.0,0.01,0.0,1113.4
1.0,0.04,0.01,12.52,0.01,2.1,0.0,0.01,8.63,0.02,0.0,0.01,0.0,1384.9
1.0,0.04,0.01,12.52,0.01,2.1,0.0,0.01,8.63,0.02,0.0,0.01,0.0,1367.0
1.0,0.04,0.01,12.52,0.01,2.1,0.0,0.01,8.63,0.02,0.0,0.01,0.0,1416.6
1.0,0.04,0.01,12.52,0.01,2.1,0.0,0.01,8.63,0.02,0.0,0.01,0.0,1403.5
1.0,0.04,0.01,12.52,0.01,2.1,0.0,0.01,8.63,0.02,0.0,0.01,0.0,1399.4
1.0,0.04,0.01,12.52,0.01,2.1,0.0,0.01,8.63,0.02,0.0,0.01,0.0,1400.0
1.0,0.04,0.01,12.52,0.01,2.1,0.0,0.01,8.63,0.02,0.0,0.01,0.0,1389.7
1.0,0.04,0.01,12.52,0.01,2.1,0.0,0.01,8.63,0.02,0.0,0.01,0.0,1389.0
1.0,0.04,0.01,12.52,0.01,2.1,0.0,0.01,8.63,0.02,0.0,0.01,0.0,1304.3
1.0,0.04,0.01,12.52,0.01,2.1,0.0,0.01,8.63,0.02,0.0,0.01,0.0,1311.9
1.0,0.04,0.01,12.52,0.01,2.1,0.0,0.01,8.63,0.02,0.0,0.01,0.0,1320.8
1.0,0.04,0.01,12.52,0.01,2.1,0.0,0.01,8.63,0.02,0.0,0.01,0.0,1295.3
1.0,0.04,0.01,12.52,0.01,2.1,0.0,0.01,8.63,0.02,0.0,0.01,0.0,1285.0
0.03,0.02,6.0,13.9,0.01,0.02,0.0,0.01,6.0,1.93,0.05,0.01,0.0,1130.0
0.02,0.02,8.9,13.9,0.01,0.02,0.0,0.01,5.1,1.82,0.04,0.01,0.0,1226.4
0.02,0.02,9.2,15.9,0.01,0.02,0.0,0.01,4.0,1.86,0.05,0.01,0.0,1143.7
0.03,0.01,10.5,15.6,0.01,0.02,0.0,0.01,4.1,1.93,0.06,0.01,0.0,1185.1
0.02,0.01,7.4,15.7,0.01,0.02,0.0,0.01,4.1,1.72,0.04,0.01,0.0,1205.8
0.04,0.02,6.0,15.5,0.01,0.02,0.0,0.01,3.9,1.92,0.07,0.01,0.0,1109.3
0.03,0.01,11.8,17.5,0.01,0.02,0.0,0.01,2.1,1.99,0.05,0.01,0.0,1088.6
0.01,0.16,13.88,1.97,0.16,1.0,0.0,0.01,10.05,0.05,0.0,0.01,0.0,1666.0
0.01,0.16,13.8,1.95,0.06,0.98,0.0,0.01,10.15,0.04,0.01,0.01,0.0,1658.4
0.01,0.16,13.8,1.95,0.06,0.98,0.0,0.01,10.15,0.04,0.01,0.01,0.0,1672.9
0.01,0.17,13.74,2.97,0.16,1.21,0.0,0.01,10.02,0.05,0.0,0.01,0.0,1625.4
0.01,0.16,13.8,1.95,0.06,0.98,0.0,0.01,10.15,0.04,0.01,0.01,0.0,1618.5
0.01,0.16,13.88,1.97,0.16,1.0,0.0,0.01,10.05,0.05,0.0,0.01,0.0,1553.7
0.01,0.17,13.74,2.97,0.16,1.21,0.0,0.01,10.02,0.05,0.0,0.01,0.0,1434.5
0.01,0.12,12.1,2.01,0.18,1.0,0.0,0.01,10.07,0.06,0.0,0.01,0.0,1451.7
0.01,0.12,12.1,2.01,0.18,1.0,0.0,0.01,10.07,0.06,0.0,0.01,0.0,1415.2
0.01,0.12,12.1,2.01,0.18,1.0,0.0,0.01,10.07,0.06,0.0,0.01,0.0,1512.4
0.01,0.12,12.1,2.01,0.18,1.0,0.0,0.01,10.07,0.06,0.0,0.01,0.0,1473.8
0.01,0.16,13.88,1.97,0.16,1.0,0.0,0.01,10.05,0.05,0.0,0.01,0.0,1555.8
0.01,0.16,13.88,1.97,0.16,1.0,0.0,0.01,10.05,0.05,0.0,0.01,0.0,1529.6
0.01,0.16,13.88,1.97,0.16,1.0,0.0,0.01,10.05,0.05,0.0,0.01,0.0,1553.7
0.01,0.16,13.88,1.97,0.16,1.0,0.0,0.01,10.05,0.05,0.0,0.01,0.0,1575.7
0.01,0.16,13.88,1.97,0.16,1.0,0.0,0.01,10.05,0.05,0.0,0.01,0.0,1639.8
0.01,0.16,13.88,1.97,0.16,1.0,0.0,0.01,10.05,0.05,0.0,0.01,0.0,1635.0
0.01,0.16,13.88,1.97,0.16,1.0,0.0,0.01,10.05,0.05,0.0,0.01,0.0,1626.7
0.01,0.15,12.15,2.01,0.16,1.22,0.0,0.01,10.08,0.06,0.0,0.01,0.0,1513.7
0.01,0.15,12.15,2.01,0.16,1.22,0.0,0.01,10.08,0.06,0.0,0.01,0.0,1493.1
0.01,0.15,12.05,2.97,0.16,1.0,0.0,0.01,10.06,0.05,0.0,0.01,0.0,1406.9
0.01,0.15,12.05,2.97,0.16,1.0,0.0,0.01,10.06,0.05,0.0,0.01,0.0,1399.4
0.01,0.15,12.05,2.97,0.16,1.0,0.0,0.01,10.06,0.05,0.0,0.01,0.0,1559.9
0.01,0.17,13.74,2.97,0.16,1.21,0.0,0.01,10.02,0.05,0.0,0.01,0.0,1456.5
0.01,0.17,13.74,2.97,0.16,1.21,0.0,0.01,10.02,0.05,0.0,0.01,0.0,1515.8
0.01,0.17,13.74,2.97,0.16,1.21,0.0,0.01,10.02,0.05,0.0,0.01,0.0,1593.7
0.01,0.17,13.74,2.97,0.16,1.21,0.0,0.01,10.02,0.05,0.0,0.01,0.0,1657.7
0.01,0.16,13.8,1.95,0.06,0.98,0.0,0.01,10.15,0.04,0.01,0.01,0.0,1557.1
0.01,0.16,13.8,1.95,0.06,0.98,0.0,0.01,10.15,0.04,0.01,0.01,0.0,1584.7
0.01,0.16,13.8,1.95,0.06,0.98,0.0,0.01,10.15,0.04,0.01,0.01,0.0,1688.1
0.03,0.24,12.4,9.1,0.01,1.3,0.0,0.01,2.8,0.01,0.03,0.37,0.0,1612.3
0.03,0.24,12.4,9.0,0.01,1.3,0.0,0.01,2.8,0.01,0.02,0.29,0.0,1570.9
0.03,0.24,12.4,9.0,0.01,1.3,0.0,0.01,2.8,0.01,0.02,0.29,0.0,1557.1
0.03,0.24,12.4,9.1,0.01,1.3,0.0,0.01,2.8,0.01,0.03,0.37,0.0,1619.2
0.03,0.18,12.5,9.1,0.01,1.3,0.0,0.01,2.8,0.01,0.03,0.29,0.0,1357.3
0.03,0.23,12.5,9.0,0.01,1.3,0.0,0.01,2.8,0.01,0.03,0.3,0.0,1522.7
0.03,0.23,12.5,9.0,0.01,1.3,0.0,0.01,2.8,0.01,0.03,0.3,0.0,1536.5
0.03,0.35,18.0,9.0,0.01,2.0,0.0,0.01,1.5,0.01,0.02,0.3,0.0,1722.5
0.03,0.35,18.0,9.0,0.01,2.0,0.0,0.01,1.5,0.01,0.02,0.3,0.0,1736.3
0.03,0.35,18.0,9.0,0.01,2.0,0.0,0.01,1.5,0.01,0.02,0.3,0.0,1736.3
0.03,0.15,13.0,9.0,0.01,1.5,0.0,0.01,4.8,0.01,0.02,0.5,0.0,1412.5
0.03,0.18,12.5,9.1,0.01,1.3,0.0,0.01,2.8,0.01,0.03,0.29,0.0,1433.1
0.03,0.18,12.5,9.1,0.01,1.3,0.0,0.01,2.8,0.01,0.03,0.29,0.0,1488.2
0.03,0.11,16.7,9.2,0.01,2.0,0.0,0.01,3.7,0.01,0.03,0.5,0.0,1453.8
0.03,0.23,12.5,9.0,0.01,1.3,0.0,0.01,2.8,0.01,0.03,0.3,0.0,1467.6
0.03,0.23,12.5,9.0,0.01,1.3,0.0,0.01,2.8,0.01,0.03,0.3,0.0,1564.0
0.03,0.2,12.4,8.2,0.01,1.3,0.0,0.01,2.1,0.01,0.02,0.29,0.0,1357.3
0.03,0.19,14.2,6.8,0.01,2.4,0.0,0.01,2.8,0.01,0.02,0.28,1.3,1371.1
0.03,0.21,14.2,8.2,0.01,1.3,0.0,0.01,2.6,0.6,0.02,0.29,0.0,1391.8
0.03,0.24,13.0,8.9,0.01,1.7,0.0,0.01,5.1,0.01,0.03,0.29,0.0,1405.6
0.03,0.24,13.0,8.9,0.01,1.7,0.0,0.01,5.1,0.01,0.03,0.29,0.0,1453.8
0.03,0.25,12.2,9.0,0.01,1.3,0.0,0.01,6.2,0.01,0.03,0.29,0.0,1405.6
0.03,0.22,15.3,8.5,0.01,1.5,0.0,0.01,4.6,0.01,0.03,0.28,0.5,1605.4
0.03,0.22,15.3,8.5,0.01,1.5,0.0,0.01,4.6,0.01,0.03,0.28,0.5,1550.3
0.03,0.22,15.3,8.5,0.01,1.5,0.0,0.01,4.6,0.01,0.03,0.28,0.5,1570.9
0.03,0.24,13.0,8.9,0.01,1.7,0.0,0.01,7.4,0.01,0.03,0.28,0.0,1543.4
0.03,0.24,13.0,8.9,0.01,1.7,0.0,0.01,7.4,0.01,0.03,0.28,0.0,1605.4
0.03,0.24,13.0,8.9,0.01,1.7,0.0,0.01,7.4,0.01,0.03,0.28,0.0,1502.0
0.03,0.24,13.0,8.9,0.01,1.5,0.0,0.01,8.7,0.01,0.02,0.28,0.0,1157.5
0.03,0.24,13.0,8.9,0.01,1.5,0.0,0.01,8.7,0.01,0.02,0.28,0.0,1157.5
0.03,0.24,13.0,8.9,0.01,1.5,0.0,0.01,8.7,0.01,0.02,0.28,0.0,1612.3
0.08,0.01,0.01,0.01,0.01,1.0,0.0,0.01,18.1,0.01,1.8,0.01,0.0,1736.3
0.07,0.01,0.01,0.01,0.01,2.0,0.0,0.01,17.1,0.01,1.82,0.01,0.0,1874.1
0.12,0.01,0.01,0.01,0.01,2.1,0.0,0.01,17.5,0.01,2.0,2.0,0.0,1998.1
0.11,0.03,0.01,0.01,0.01,2.2,0.0,0.01,18.1,0.01,2.5,0.01,0.0,2005.0
0.13,0.01,0.01,0.01,0.01,2.1,0.0,0.01,21.0,0.01,1.9,0.01,0.0,1660.5
0.08,0.02,0.01,0.01,0.01,0.64,0.0,0.01,17.8,0.01,2.03,0.01,0.0,1729.4
0.08,0.01,0.01,0.01,0.01,1.44,0.0,0.01,17.4,0.01,1.9,0.01,0.0,1391.8
0.05,0.0,0.01,0.01,0.01,3.1,0.0,0.01,18.1,0.01,1.4,0.01,0.0,1715.6
0.07,0.02,0.01,0.01,0.01,3.1,0.0,0.01,17.9,0.01,1.4,0.9,0.0,1729.4
0.05,0.01,0.01,0.01,0.01,3.1,0.0,0.01,17.8,0.01,1.1,1.0,0.33,1688.1
0.09,0.02,0.01,0.01,0.01,0.02,0.0,0.01,17.5,0.01,2.06,1.9,0.0,1729.4
0.1,0.03,0.01,0.01,0.01,0.02,0.0,2.5,17.3,0.01,1.07,1.8,0.0,1729.4
0.12,0.02,0.01,0.01,0.01,1.4,0.0,0.01,15.3,0.01,2.1,0.01,0.0,1791.4
0.1,0.02,0.01,0.01,0.01,0.3,0.0,0.01,17.9,0.01,1.95,0.01,0.0,1674.3
0.1,0.02,0.01,0.01,0.01,2.0,0.0,0.01,15.7,0.01,1.98,0.01,0.0,1722.5
0.09,0.01,0.01,0.01,0.02,3.06,0.0,0.01,18.2,0.01,1.26,0.01,0.0,1692.9
0.09,0.01,0.01,0.01,0.03,3.07,0.0,0.01,18.11,0.01,1.41,0.01,0.0,1593.7
0.09,0.01,0.01,0.01,0.02,3.06,0.0,0.01,18.2,0.01,1.26,0.01,0.0,1524.8
0.09,0.01,0.01,0.01,0.02,3.06,0.0,0.01,18.2,0.01,1.26,0.01,0.0,1600.5
0.09,0.01,0.01,0.01,0.02,3.06,0.0,0.01,18.2,0.01,1.26,0.01,0.0,1579.2
0.09,0.01,0.01,0.01,0.03,3.07,0.0,0.01,18.11,0.01,1.41,0.01,0.0,1684.6
0.09,0.01,0.01,0.01,0.03,3.07,0.0,0.01,18.11,0.01,1.41,0.01,0.0,1645.3
0.03,0.22,13.89,3.03,0.01,1.18,0.0,0.01,11.17,0.01,0.01,0.01,0.0,1810.0
0.46,0.03,0.01,10.7,0.01,2.45,0.0,0.01,9.46,0.01,0.28,0.01,0.0,1309.0
0.39,0.03,0.01,11.2,0.01,0.02,0.0,0.01,9.61,0.01,0.26,0.01,4.0,1313.0
0.39,0.03,0.01,11.3,0.01,0.02,0.0,0.01,8.64,0.01,0.27,0.01,1.84,1311.0
0.21,0.03,0.01,10.7,0.01,0.02,0.0,0.01,10.3,0.01,0.31,0.01,0.0,1052.0
0.21,0.03,0.01,10.7,0.01,0.02,0.0,0.01,10.3,0.01,0.31,0.01,0.0,1198.0
0.39,0.03,0.01,11.3,0.01,0.02,0.0,0.01,8.64,0.01,0.27,0.01,1.84,1077.0
0.39,0.03,0.01,11.2,0.01,0.02,0.0,0.01,9.61,0.01,0.26,0.01,4.0,1085.0
0.46,0.03,0.01,10.7,0.01,2.45,0.0,0.01,9.46,0.01,0.28,0.01,0.0,1055.0
0.1,0.03,0.01,0.01,0.01,0.02,0.0,0.01,18.5,0.01,1.4,0.01,3.0,1600.0
0.1,0.03,0.01,0.01,0.01,2.2,0.0,0.01,18.1,0.01,2.5,0.01,0.0,2006.0
0.03,0.2,13.82,12.43,0.01,2.01,0.0,0.08,1.21,0.01,0.0,0.01,0.0,1405.8
0.03,0.15,13.33,14.13,0.01,4.8,0.0,0.01,0.14,0.01,0.0,0.21,0.0,1430.3
0.03,0.15,13.33,14.13,0.01,4.8,0.0,0.01,0.14,0.01,0.0,0.21,0.0,1427.4
0.03,0.2,13.74,13.82,0.01,0.99,0.0,0.09,1.13,0.01,0.0,0.01,0.0,1386.2
0.03,0.15,13.33,14.13,0.01,4.8,0.0,0.01,0.14,0.01,0.0,0.21,0.0,1388.1
0.03,0.25,13.88,14.09,0.01,2.0,0.0,0.08,0.93,0.01,0.0,0.01,0.0,1469.5
0.03,0.21,15.95,12.53,0.43,2.06,0.0,0.01,1.18,0.5,0.0,0.01,0.0,1451.9
0.03,0.25,13.88,14.09,0.01,2.0,0.0,0.08,0.93,0.01,0.0,0.01,0.0,1407.7
0.03,0.16,13.94,13.99,0.01,4.95,0.0,0.27,1.09,0.03,0.0,0.01,0.0,1266.5
0.03,0.2,15.4,12.59,0.51,1.98,0.0,0.01,1.03,0.51,0.0,0.01,0.0,1309.6
0.03,0.21,15.95,12.53,0.43,2.06,0.0,0.01,1.18,0.5,0.0,0.01,0.0,1451.9
0.03,0.19,15.02,12.53,0.01,1.48,0.0,0.01,0.95,0.5,0.0,0.01,0.0,1374.4
0.03,0.21,13.83,14.08,0.01,2.0,0.0,0.08,0.93,0.01,0.0,0.01,0.0,1405.8
0.03,0.2,16.62,14.09,0.01,1.98,0.0,0.08,0.01,0.03,0.0,0.01,0.0,1361.6
0.03,0.15,13.33,14.13,0.01,4.8,0.0,0.01,0.14,0.01,0.0,0.21,0.0,1280.2
0.03,0.16,13.94,13.99,0.01,4.95,0.0,0.27,1.09,0.03,0.0,0.01,0.0,1072.2
0.03,0.15,13.33,14.13,0.01,4.8,0.0,0.01,0.14,0.01,0.0,0.21,0.0,1278.2
0.03,0.19,20.1,12.56,0.02,1.96,0.0,0.01,0.94,0.49,0.0,0.01,0.0,1328.3
0.03,0.2,17.06,12.51,0.01,1.97,0.0,0.08,0.95,0.51,0.0,0.01,0.0,1358.7
0.03,0.23,13.78,12.47,0.01,1.97,0.0,0.08,0.95,0.52,0.0,0.01,0.0,1359.7
0.03,0.22,13.78,12.61,0.01,1.98,0.0,0.08,0.94,1.01,0.0,0.01,0.0,1364.6
0.03,0.2,17.0,14.13,0.01,1.99,0.0,0.08,0.92,0.01,0.0,0.01,0.0,1266.5
0.03,0.22,13.78,12.61,0.01,1.98,0.0,0.08,0.94,1.01,0.0,0.01,0.0,1402.8
0.03,0.21,13.88,12.58,0.01,1.98,0.0,0.08,0.94,1.99,0.0,0.01,0.0,1332.2
0.03,0.21,13.88,12.58,0.01,1.98,0.0,0.08,0.94,1.99,0.0,0.01,0.0,1376.3
0.03,0.2,13.74,13.82,0.01,0.99,0.0,0.09,1.13,0.01,0.0,0.01,0.0,1401.8
0.03,0.2,13.75,12.46,0.01,1.97,0.0,0.08,0.95,0.3,0.0,0.01,0.0,1287.1
0.03,0.15,13.33,14.13,0.01,4.8,0.0,0.01,0.14,0.01,0.0,0.21,0.0,1245.9
0.03,0.2,13.77,12.6,0.01,1.98,0.0,0.08,0.94,1.0,0.0,0.21,0.0,1390.1
0.03,0.2,13.83,12.63,0.01,1.98,0.0,0.08,0.94,1.5,0.0,0.01,0.0,1382.2
0.03,0.21,13.79,14.04,0.01,1.99,0.0,0.08,0.01,0.01,0.0,0.01,0.0,1348.9
0.03,0.19,13.78,12.47,0.01,1.98,0.0,0.08,0.95,0.73,0.0,0.01,0.0,1261.6
0.03,0.2,15.16,12.51,0.01,1.98,0.0,0.08,0.95,0.51,0.0,0.01,0.0,1347.9
0.03,0.21,13.83,14.08,0.01,2.0,0.0,0.08,0.93,0.01,0.0,0.01,0.0,1340.0
0.03,0.21,15.95,12.53,0.43,2.06,0.0,0.01,1.18,0.5,0.0,0.01,0.0,1348.9
0.03,0.21,13.78,12.51,0.01,1.98,0.0,0.08,0.94,0.73,0.0,0.01,0.0,1328.3
0.03,0.2,16.62,14.09,0.01,1.98,0.0,0.08,0.01,0.03,0.0,0.01,0.0,1354.8
0.03,0.21,13.76,12.54,0.01,1.97,0.0,0.08,0.99,0.56,0.0,0.34,0.0,1301.8
0.03,0.2,13.83,12.63,0.01,1.98,0.0,0.08,0.94,1.5,0.0,0.01,0.0,1382.2
0.03,0.21,13.75,12.59,0.01,1.98,0.0,0.08,0.96,0.37,0.0,0.01,0.0,1290.0
0.03,0.2,13.77,12.6,0.01,1.98,0.0,0.08,0.94,1.0,0.0,0.21,0.0,1298.8
0.03,0.21,13.75,12.55,0.01,1.98,0.0,0.08,0.94,0.5,0.0,0.01,0.0,1345.9
0.03,0.21,13.75,12.55,0.01,1.98,0.0,0.08,0.94,0.5,0.0,0.01,0.0,1341.0
0.03,0.21,13.76,12.54,0.01,1.97,0.0,0.08,0.99,0.56,0.0,0.34,0.0,1259.6
0.03,0.21,13.78,12.51,0.01,1.98,0.0,0.08,0.94,0.73,0.0,0.01,0.0,1410.7
0.03,0.23,12.77,12.6,0.01,1.97,0.0,0.08,0.95,0.36,0.0,0.01,0.0,1302.8
0.03,0.19,13.67,12.64,0.01,1.95,0.0,0.02,0.98,0.5,0.0,0.01,0.0,1376.3
0.03,0.2,13.82,12.43,0.01,2.01,0.0,0.08,1.21,0.01,0.0,0.01,0.0,1465.6
0.03,0.2,15.4,12.59,0.51,1.98,0.0,0.01,1.03,0.51,0.0,0.01,0.0,1285.1
0.03,0.2,17.06,12.51,0.01,1.97,0.0,0.08,0.95,0.51,0.0,0.01,0.0,1272.4
0.03,0.21,13.75,12.59,0.01,1.98,0.0,0.08,0.96,0.37,0.0,0.01,0.0,1375.4
0.03,0.2,13.74,13.82,0.01,0.99,0.0,0.09,1.13,0.01,0.0,0.01,0.0,1342.0
0.03,0.2,15.08,12.55,0.02,1.97,0.0,0.02,0.94,0.49,0.0,0.01,0.0,1258.6
0.03,0.21,13.75,12.55,0.01,1.98,0.0,0.08,0.94,0.5,0.0,0.01,0.0,1421.5
0.03,0.19,15.1,12.54,0.02,1.49,0.0,0.01,0.96,0.49,0.0,0.46,0.0,1241.0
0.03,0.21,15.95,12.53,0.43,2.06,0.0,0.01,1.18,0.5,0.0,0.01,0.0,1322.4
0.03,0.19,15.1,12.67,0.46,1.49,0.0,0.01,0.95,0.49,0.0,0.01,0.0,1250.8
0.03,0.2,17.06,12.51,0.01,1.97,0.0,0.08,0.95,0.51,0.0,0.01,0.0,1335.1
0.03,0.19,14.95,12.53,0.01,1.48,0.0,0.01,0.96,0.49,0.0,0.33,0.0,1218.4
0.03,0.2,15.4,12.59,0.51,1.98,0.0,0.01,1.03,0.51,0.0,0.01,0.0,1259.6
0.03,0.17,13.99,12.54,0.01,1.99,0.0,0.08,0.95,0.78,0.0,0.01,0.0,1368.5
0.03,0.2,15.16,12.51,0.01,1.98,0.0,0.08,0.95,0.51,0.0,0.01,0.0,1280.2
0.03,0.2,15.16,12.51,0.01,1.98,0.0,0.08,0.95,0.51,0.0,0.01,0.0,1314.5
0.03,0.19,15.02,12.53,0.01,1.48,0.0,0.01,0.95,0.5,0.0,0.01,0.0,1247.8
0.03,0.2,17.0,14.13,0.01,1.99,0.0,0.08,0.92,0.01,0.0,0.01,0.0,1220.4
0.03,0.2,13.82,12.43,0.01,2.01,0.0,0.08,1.21,0.01,0.0,0.01,0.0,1399.9
0.03,0.2,15.4,12.59,0.51,1.98,0.0,0.01,1.03,0.51,0.0,0.01,0.0,1346.9
0.03,0.21,15.95,12.53,0.43,2.06,0.0,0.01,1.18,0.5,0.0,0.01,0.0,1272.4
0.03,0.19,13.79,12.61,0.01,1.98,0.0,0.07,0.99,0.01,0.0,0.01,0.0,1371.4
0.03,0.2,13.75,12.46,0.01,1.97,0.0,0.08,0.95,0.3,0.0,0.01,0.0,1312.6
0.03,0.15,13.76,14.01,0.01,1.99,0.0,0.08,0.93,0.01,0.0,0.01,0.0,1278.2
0.03,0.2,13.64,11.94,0.01,0.99,0.0,0.1,2.48,0.01,0.0,0.01,0.0,1273.3
0.03,0.19,13.78,12.47,0.01,1.98,0.0,0.08,0.95,0.73,0.0,0.01,0.0,1289.0
0.03,0.2,15.56,12.66,0.51,1.99,0.0,0.01,1.02,0.52,0.0,0.01,0.0,1297.9
0.03,0.21,15.95,12.53,0.43,2.06,0.0,0.01,1.18,0.5,0.0,0.01,0.0,1265.5
0.03,0.2,13.67,10.53,0.01,1.98,0.0,0.1,2.49,0.01,0.0,0.01,0.0,1282.2
0.03,0.2,15.56,12.66,0.51,1.99,0.0,0.01,1.02,0.52,0.0,0.01,0.0,1192.9
1.06,0.03,0.01,12.51,0.01,2.22,0.0,0.01,8.36,0.01,0.09,0.01,0.0,1433.8
1.06,0.03,0.01,12.51,0.01,2.22,0.0,0.01,8.36,0.01,0.09,0.01,0.0,1430.4
1.31,0.03,0.01,12.64,0.01,2.24,0.0,0.01,8.44,0.01,0.01,0.01,0.0,1523.4
1.06,0.03,0.01,12.49,0.01,2.21,0.01,0.01,8.31,0.01,0.09,0.01,0.0,1434.5
1.04,0.04,0.01,12.35,0.01,2.21,0.0,0.01,8.27,0.01,0.03,0.01,0.0,1406.2
1.31,0.03,0.01,12.64,0.01,2.24,0.0,0.01,8.44,0.01,0.01,0.01,0.0,1519.2
1.06,0.03,0.01,12.52,0.01,2.21,0.01,0.01,8.34,0.01,0.02,0.01,0.0,1374.6
1.04,0.04,0.01,12.45,0.01,2.2,0.0,0.01,8.33,0.01,0.1,0.01,0.0,1466.9
1.05,0.03,0.01,12.51,0.01,2.2,0.01,0.01,8.28,0.01,0.05,0.01,0.0,1402.8
1.04,0.04,0.01,12.35,0.01,2.21,0.0,0.01,8.27,0.01,0.03,0.01,0.0,1400.7
1.06,0.03,0.01,12.49,0.01,2.21,0.01,0.01,8.31,0.01,0.09,0.01,0.0,1478.6
1.04,0.04,0.01,12.45,0.01,2.2,0.0,0.01,8.33,0.01,0.1,0.01,0.0,1463.4
1.05,0.03,0.01,12.57,0.01,2.22,0.01,0.01,8.29,0.01,0.01,0.01,0.0,1460.0
1.07,0.03,0.01,12.49,0.01,2.22,0.0,0.01,8.31,0.01,0.05,0.01,0.0,1464.1
1.02,0.04,0.01,12.49,0.01,2.21,0.0,0.01,8.3,0.01,0.09,0.01,0.0,1451.0
1.02,0.03,0.01,12.56,0.01,2.22,0.0,0.01,8.31,0.01,0.01,0.01,0.0,1435.2
1.04,0.04,0.01,12.46,0.01,2.24,0.0,0.01,8.34,0.01,0.01,0.01,0.0,1420.0
1.07,0.03,0.01,12.49,0.01,2.22,0.0,0.01,8.31,0.01,0.05,0.01,0.0,1453.1
1.02,0.03,0.01,12.56,0.01,2.22,0.0,0.01,8.31,0.01,0.01,0.01,0.0,1392.5
1.06,0.03,0.01,12.52,0.01,2.21,0.01,0.01,8.34,0.01,0.02,0.01,0.0,1393.8
1.05,0.03,0.01,12.57,0.01,2.22,0.01,0.01,8.29,0.01,0.01,0.01,0.0,1411.8
1.04,0.04,0.01,12.46,0.01,2.24,0.0,0.01,8.34,0.01,0.01,0.01,0.0,1435.9
1.02,0.04,0.01,12.49,0.01,2.21,0.0,0.01,8.3,0.01,0.09,0.01,0.0,1464.8
1.06,0.04,0.01,12.51,0.01,2.22,0.0,0.01,8.32,0.01,0.05,0.01,0.0,1482.7
1.03,0.03,0.01,12.54,0.01,2.24,0.0,0.01,8.38,0.01,0.01,0.01,0.0,1429.7
1.06,0.04,0.01,12.51,0.01,2.22,0.0,0.01,8.32,0.01,0.05,0.01,0.0,1457.2
1.03,0.03,0.01,12.54,0.01,2.24,0.0,0.01,8.38,0.01,0.01,0.01,0.0,1415.9
1.07,0.04,0.01,12.49,0.01,2.23,0.0,0.01,8.3,0.01,0.01,0.01,0.0,1400.7
0.81,0.04,0.01,12.38,0.01,2.2,0.0,0.01,8.25,0.01,0.03,0.01,0.0,1293.3
1.07,0.04,0.01,12.49,0.01,2.23,0.0,0.01,8.3,0.01,0.01,0.01,0.0,1431.7
1.06,0.03,0.01,12.51,0.01,2.22,0.0,0.01,8.31,0.01,0.02,0.01,0.0,1409.7
0.81,0.04,0.01,12.38,0.01,2.2,0.0,0.01,8.25,0.01,0.03,0.01,0.0,1317.4
1.03,0.03,0.01,12.47,0.01,2.2,0.0,0.01,8.31,0.01,0.02,0.01,0.0,1389.7
1.03,0.03,0.01,12.47,0.01,2.2,0.0,0.01,8.31,0.01,0.02,0.01,0.0,1398.7
0.77,0.04,0.01,12.44,0.01,2.19,0.0,0.01,8.26,0.04,0.02,0.01,0.0,1305.0
0.77,0.04,0.01,12.44,0.01,2.19,0.0,0.01,8.26,0.04,0.02,0.01,0.0,1256.7
0.77,0.04,0.01,12.58,0.01,2.2,0.0,0.01,8.39,0.01,0.02,0.01,0.0,1274.0
0.77,0.04,0.01,12.58,0.01,2.2,0.0,0.01,8.39,0.01,0.02,0.01,0.0,1286.4
1.0,0.04,0.01,12.52,0.01,2.1,0.0,0.01,8.63,0.02,0.0,0.01,0.0,1295.3
1.0,0.04,0.01,12.52,0.01,2.1,0.0,0.01,8.63,0.02,0.0,0.01,0.0,1295.3
1.0,0.04,0.01,12.52,0.01,2.1,0.0,0.01,8.63,0.02,0.0,0.01,0.0,1295.3
1.0,0.04,0.01,12.52,0.01,2.1,0.0,0.01,8.63,0.02,0.0,0.01,0.0,1295.3
1.0,0.04,0.01,12.52,0.01,2.1,0.0,0.01,8.63,0.02,0.0,0.01,0.0,1274.7
1.0,0.04,0.01,12.52,0.01,2.1,0.0,0.01,8.63,0.02,0.0,0.01,0.0,1274.7
1.0,0.04,0.01,12.52,0.01,2.1,0.0,0.01,8.63,0.02,0.0,0.01,0.0,1274.7
1.0,0.04,0.01,12.52,0.01,2.1,0.0,0.01,8.63,0.02,0.0,0.01,0.0,1274.7
1.06,0.03,0.01,12.51,0.01,2.22,0.0,0.01,8.31,0.01,0.02,0.01,0.0,1267.8
1.06,0.03,0.01,12.51,0.01,2.22,0.0,0.01,8.31,0.01,0.02,0.01,0.0,1267.8
1.06,0.03,0.01,12.51,0.01,2.22,0.0,0.01,8.31,0.01,0.02,0.01,0.0,1267.8
1.06,0.03,0.01,12.51,0.01,2.22,0.0,0.01,8.31,0.01,0.02,0.01,0.0,1267.8
1.06,0.03,0.01,12.51,0.01,2.22,0.0,0.01,8.31,0.01,0.02,0.01,0.0,1407.6
1.06,0.03,0.01,12.51,0.01,2.22,0.0,0.01,8.31,0.01,0.02,0.01,0.0,1267.8
1.06,0.03,0.01,12.51,0.01,2.22,0.0,0.01,8.31,0.01,0.02,0.01,0.0,1267.8
1.06,0.03,0.01,12.51,0.01,2.22,0.0,0.01,8.31,0.01,0.02,0.01,0.0,1267.8
1.06,0.03,0.01,12.51,0.01,2.22,0.0,0.01,8.31,0.01,0.02,0.01,0.0,1267.8
1.06,0.03,0.01,12.51,0.01,2.22,0.0,0.01,8.36,0.01,0.09,0.01,0.0,1316.0
1.06,0.03,0.01,12.51,0.01,2.22,0.0,0.01,8.36,0.01,0.09,0.01,0.0,1316.0
1.06,0.03,0.01,12.51,0.01,2.22,0.0,0.01,8.36,0.01,0.09,0.01,0.0,1316.0
1.06,0.03,0.01,12.51,0.01,2.22,0.0,0.01,8.36,0.01,0.09,0.01,0.0,1316.0
1.06,0.03,0.01,12.51,0.01,2.22,0.0,0.01,8.36,0.01,0.09,0.01,0.0,1343.6
1.06,0.03,0.01,12.51,0.01,2.22,0.0,0.01,8.36,0.01,0.09,0.01,0.0,1343.6
1.06,0.03,0.01,12.51,0.01,2.22,0.0,0.01,8.36,0.01,0.09,0.01,0.0,1343.6
1.06,0.03,0.01,12.51,0.01,2.22,0.0,0.01,8.36,0.01,0.09,0.01,0.0,1343.6
1.07,0.03,0.01,12.49,0.01,2.22,0.0,0.01,8.31,0.01,0.05,0.01,0.0,1254.0
1.07,0.03,0.01,12.49,0.01,2.22,0.0,0.01,8.31,0.01,0.05,0.01,0.0,1254.0
1.07,0.03,0.01,12.49,0.01,2.22,0.0,0.01,8.31,0.01,0.05,0.01,0.0,1254.0
1.07,0.03,0.01,12.49,0.01,2.22,0.0,0.01,8.31,0.01,0.05,0.01,0.0,1254.0
1.07,0.03,0.01,12.49,0.01,2.22,0.0,0.01,8.31,0.01,0.05,0.01,0.0,1309.1
1.07,0.03,0.01,12.49,0.01,2.22,0.0,0.01,8.31,0.01,0.05,0.01,0.0,1309.1
1.07,0.03,0.01,12.49,0.01,2.22,0.0,0.01,8.31,0.01,0.05,0.01,0.0,1309.1
1.07,0.03,0.01,12.49,0.01,2.22,0.0,0.01,8.31,0.01,0.05,0.01,0.0,1309.1
1.03,0.03,0.01,12.47,0.01,2.2,0.0,0.01,8.31,0.01,0.02,0.01,0.0,1247.1
1.03,0.03,0.01,12.47,0.01,2.2,0.0,0.01,8.31,0.01,0.02,0.01,0.0,1247.1
1.03,0.03,0.01,12.47,0.01,2.2,0.0,0.01,8.31,0.01,0.02,0.01,0.0,1247.1
1.03,0.03,0.01,12.47,0.01,2.2,0.0,0.01,8.31,0.01,0.02,0.01,0.0,1247.1
1.03,0.03,0.01,12.47,0.01,2.2,0.0,0.01,8.31,0.01,0.02,0.01,0.0,1247.1
1.03,0.03,0.01,12.47,0.01,2.2,0.0,0.01,8.31,0.01,0.02,0.01,0.0,1247.1
1.03,0.03,0.01,12.47,0.01,2.2,0.0,0.01,8.31,0.01,0.02,0.01,0.0,1247.1
1.03,0.03,0.01,12.47,0.01,2.2,0.0,0.01,8.31,0.01,0.02,0.01,0.0,1247.1
1.04,0.04,0.01,12.45,0.01,2.2,0.0,0.01,8.33,0.01,0.1,0.01,0.0,1309.1
1.04,0.04,0.01,12.45,0.01,2.2,0.0,0.01,8.33,0.01,0.1,0.01,0.0,1309.1
1.04,0.04,0.01,12.45,0.01,2.2,0.0,0.01,8.33,0.01,0.1,0.01,0.0,1309.1
1.04,0.04,0.01,12.45,0.01,2.2,0.0,0.01,8.33,0.01,0.1,0.01,0.0,1309.1
1.04,0.04,0.01,12.45,0.01,2.2,0.0,0.01,8.33,0.01,0.1,0.01,0.0,1329.8
1.04,0.04,0.01,12.45,0.01,2.2,0.0,0.01,8.33,0.01,0.1,0.01,0.0,1329.8
1.04,0.04,0.01,12.45,0.01,2.2,0.0,0.01,8.33,0.01,0.1,0.01,0.0,1329.8
1.04,0.04,0.01,12.45,0.01,2.2,0.0,0.01,8.33,0.01,0.1,0.01,0.0,1329.8
1.06,0.03,0.01,12.52,0.01,2.21,0.01,0.01,8.34,0.01,0.02,0.01,0.0,1233.3
1.06,0.03,0.01,12.52,0.01,2.21,0.01,0.01,8.34,0.01,0.02,0.01,0.0,1233.3
1.06,0.03,0.01,12.52,0.01,2.21,0.01,0.01,8.34,0.01,0.02,0.01,0.0,1233.3
1.06,0.03,0.01,12.52,0.01,2.21,0.01,0.01,8.34,0.01,0.02,0.01,0.0,1233.3
1.06,0.03,0.01,12.52,0.01,2.21,0.01,0.01,8.34,0.01,0.02,0.01,0.0,1247.1
1.06,0.03,0.01,12.52,0.01,2.21,0.01,0.01,8.34,0.01,0.02,0.01,0.0,1247.1
1.06,0.03,0.01,12.52,0.01,2.21,0.01,0.01,8.34,0.01,0.02,0.01,0.0,1247.1
1.06,0.03,0.01,12.52,0.01,2.21,0.01,0.01,8.34,0.01,0.02,0.01,0.0,1247.1
1.06,0.03,0.01,12.49,0.01,2.21,0.01,0.01,8.31,0.01,0.09,0.01,0.0,1357.3
1.06,0.03,0.01,12.49,0.01,2.21,0.01,0.01,8.31,0.01,0.09,0.01,0.0,1357.3
1.06,0.03,0.01,12.49,0.01,2.21,0.01,0.01,8.31,0.01,0.09,0.01,0.0,1357.3
1.06,0.03,0.01,12.49,0.01,2.21,0.01,0.01,8.31,0.01,0.09,0.01,0.0,1357.3
1.06,0.03,0.01,12.49,0.01,2.21,0.01,0.01,8.31,0.01,0.09,0.01,0.0,1309.1
1.06,0.03,0.01,12.49,0.01,2.21,0.01,0.01,8.31,0.01,0.09,0.01,0.0,1309.1
1.06,0.03,0.01,12.49,0.01,2.21,0.01,0.01,8.31,0.01,0.09,0.01,0.0,1309.1
1.06,0.03,0.01,12.49,0.01,2.21,0.01,0.01,8.31,0.01,0.09,0.01,0.0,1309.1
1.05,0.03,0.01,12.51,0.01,2.2,0.01,0.01,8.28,0.01,0.05,0.01,0.0,1267.8
1.05,0.03,0.01,12.51,0.01,2.2,0.01,0.01,8.28,0.01,0.05,0.01,0.0,1267.8
1.05,0.03,0.01,12.51,0.01,2.2,0.01,0.01,8.28,0.01,0.05,0.01,0.0,1267.8
1.05,0.03,0.01,12.51,0.01,2.2,0.01,0.01,8.28,0.01,0.05,0.01,0.0,1267.8
1.05,0.03,0.01,12.51,0.01,2.2,0.01,0.01,8.28,0.01,0.05,0.01,0.0,1254.0
1.05,0.03,0.01,12.51,0.01,2.2,0.01,0.01,8.28,0.01,0.05,0.01,0.0,1254.0
1.05,0.03,0.01,12.51,0.01,2.2,0.01,0.01,8.28,0.01,0.05,0.01,0.0,1254.0
1.05,0.03,0.01,12.51,0.01,2.2,0.01,0.01,8.28,0.01,0.05,0.01,0.0,1254.0
1.04,0.04,0.01,12.35,0.01,2.21,0.0,0.01,8.27,0.01,0.03,0.01,0.0,1274.7
1.04,0.04,0.01,12.35,0.01,2.21,0.0,0.01,8.27,0.01,0.03,0.01,0.0,1274.7
1.04,0.04,0.01,12.35,0.01,2.21,0.0,0.01,8.27,0.01,0.03,0.01,0.0,1274.7
1.04,0.04,0.01,12.35,0.01,2.21,0.0,0.01,8.27,0.01,0.03,0.01,0.0,1274.7
1.04,0.04,0.01,12.35,0.01,2.21,0.0,0.01,8.27,0.01,0.03,0.01,0.0,1260.9
1.04,0.04,0.01,12.35,0.01,2.21,0.0,0.01,8.27,0.01,0.03,0.01,0.0,1260.9
1.04,0.04,0.01,12.35,0.01,2.21,0.0,0.01,8.27,0.01,0.03,0.01,0.0,1260.9
1.04,0.04,0.01,12.35,0.01,2.21,0.0,0.01,8.27,0.01,0.03,0.01,0.0,1260.9
1.04,0.04,0.01,12.46,0.01,2.24,0.0,0.01,8.34,0.01,0.01,0.01,0.0,1254.0
1.04,0.04,0.01,12.46,0.01,2.24,0.0,0.01,8.34,0.01,0.01,0.01,0.0,1254.0
1.04,0.04,0.01,12.46,0.01,2.24,0.0,0.01,8.34,0.01,0.01,0.01,0.0,1254.0
1.04,0.04,0.01,12.46,0.01,2.24,0.0,0.01,8.34,0.01,0.01,0.01,0.0,1254.0
1.07,0.04,0.01,12.49,0.01,2.23,0.0,0.01,8.3,0.01,0.01,0.01,0.0,1267.8
1.07,0.04,0.01,12.49,0.01,2.23,0.0,0.01,8.3,0.01,0.01,0.01,0.0,1267.8
1.07,0.04,0.01,12.49,0.01,2.23,0.0,0.01,8.3,0.01,0.01,0.01,0.0,1267.8
1.07,0.04,0.01,12.49,0.01,2.23,0.0,0.01,8.3,0.01,0.01,0.01,0.0,1267.8
1.07,0.04,0.01,12.49,0.01,2.23,0.0,0.01,8.3,0.01,0.01,0.01,0.0,1267.8
1.07,0.04,0.01,12.49,0.01,2.23,0.0,0.01,8.3,0.01,0.01,0.01,0.0,1267.8
1.07,0.04,0.01,12.49,0.01,2.23,0.0,0.01,8.3,0.01,0.01,0.01,0.0,1267.8
1.07,0.04,0.01,12.49,0.01,2.23,0.0,0.01,8.3,0.01,0.01,0.01,0.0,1267.8
1.06,0.04,0.01,12.51,0.01,2.22,0.0,0.01,8.32,0.01,0.05,0.01,0.0,1343.6
1.06,0.04,0.01,12.51,0.01,2.22,0.0,0.01,8.32,0.01,0.05,0.01,0.0,1343.6
1.06,0.04,0.01,12.51,0.01,2.22,0.0,0.01,8.32,0.01,0.05,0.01,0.0,1343.6
1.06,0.04,0.01,12.51,0.01,2.22,0.0,0.01,8.32,0.01,0.05,0.01,0.0,1343.6
1.06,0.04,0.01,12.51,0.01,2.22,0.0,0.01,8.32,0.01,0.05,0.01,0.0,1281.5
1.06,0.04,0.01,12.51,0.01,2.22,0.0,0.01,8.32,0.01,0.05,0.01,0.0,1281.5
1.06,0.04,0.01,12.51,0.01,2.22,0.0,0.01,8.32,0.01,0.05,0.01,0.0,1281.5
1.06,0.04,0.01,12.51,0.01,2.22,0.0,0.01,8.32,0.01,0.05,0.01,0.0,1281.5
1.02,0.04,0.01,12.49,0.01,2.21,0.0,0.01,8.3,0.01,0.09,0.01,0.0,1371.1
1.02,0.04,0.01,12.49,0.01,2.21,0.0,0.01,8.3,0.01,0.09,0.01,0.0,1371.1
1.02,0.04,0.01,12.49,0.01,2.21,0.0,0.01,8.3,0.01,0.09,0.01,0.0,1371.1
1.02,0.04,0.01,12.49,0.01,2.21,0.0,0.01,8.3,0.01,0.09,0.01,0.0,1371.1
1.02,0.04,0.01,12.49,0.01,2.21,0.0,0.01,8.3,0.01,0.09,0.01,0.0,1378.0
1.02,0.04,0.01,12.49,0.01,2.21,0.0,0.01,8.3,0.01,0.09,0.01,0.0,1378.0
1.02,0.04,0.01,12.49,0.01,2.21,0.0,0.01,8.3,0.01,0.09,0.01,0.0,1378.0
1.02,0.04,0.01,12.49,0.01,2.21,0.0,0.01,8.3,0.01,0.09,0.01,0.0,1378.0
1.03,0.03,0.01,12.54,0.01,2.24,0.0,0.01,8.38,0.01,0.01,0.01,0.0,1288.4
1.03,0.03,0.01,12.54,0.01,2.24,0.0,0.01,8.38,0.01,0.01,0.01,0.0,1288.4
1.03,0.03,0.01,12.54,0.01,2.24,0.0,0.01,8.38,0.01,0.01,0.01,0.0,1288.4
1.03,0.03,0.01,12.54,0.01,2.24,0.0,0.01,8.38,0.01,0.01,0.01,0.0,1288.4
1.03,0.03,0.01,12.54,0.01,2.24,0.0,0.01,8.38,0.01,0.01,0.01,0.0,1212.6
1.03,0.03,0.01,12.54,0.01,2.24,0.0,0.01,8.38,0.01,0.01,0.01,0.0,1212.6
1.03,0.03,0.01,12.54,0.01,2.24,0.0,0.01,8.38,0.01,0.01,0.01,0.0,1212.6
1.03,0.03,0.01,12.54,0.01,2.24,0.0,0.01,8.38,0.01,0.01,0.01,0.0,1212.6
1.05,0.03,0.01,12.57,0.01,2.22,0.01,0.01,8.29,0.01,0.01,0.01,0.0,1288.4
1.05,0.03,0.01,12.57,0.01,2.22,0.01,0.01,8.29,0.01,0.01,0.01,0.0,1288.4
1.05,0.03,0.01,12.57,0.01,2.22,0.01,0.01,8.29,0.01,0.01,0.01,0.0,1288.4
1.05,0.03,0.01,12.57,0.01,2.22,0.01,0.01,8.29,0.01,0.01,0.01,0.0,1288.4
1.05,0.03,0.01,12.57,0.01,2.22,0.01,0.01,8.29,0.01,0.01,0.01,0.0,1260.9
1.05,0.03,0.01,12.57,0.01,2.22,0.01,0.01,8.29,0.01,0.01,0.01,0.0,1260.9
1.05,0.03,0.01,12.57,0.01,2.22,0.01,0.01,8.29,0.01,0.01,0.01,0.0,1260.9
1.05,0.03,0.01,12.57,0.01,2.22,0.01,0.01,8.29,0.01,0.01,0.01,0.0,1260.9
1.02,0.03,0.01,12.56,0.01,2.22,0.0,0.01,8.31,0.01,0.01,0.01,0.0,1274.7
1.02,0.03,0.01,12.56,0.01,2.22,0.0,0.01,8.31,0.01,0.01,0.01,0.0,1274.7
1.02,0.03,0.01,12.56,0.01,2.22,0.0,0.01,8.31,0.01,0.01,0.01,0.0,1274.7
1.02,0.03,0.01,12.56,0.01,2.22,0.0,0.01,8.31,0.01,0.01,0.01,0.0,1274.7
1.02,0.03,0.01,12.56,0.01,2.22,0.0,0.01,8.31,0.01,0.01,0.01,0.0,1212.6
1.02,0.03,0.01,12.56,0.01,2.22,0.0,0.01,8.31,0.01,0.01,0.01,0.0,1212.6
1.02,0.03,0.01,12.56,0.01,2.22,0.0,0.01,8.31,0.01,0.01,0.01,0.0,1212.6
1.02,0.03,0.01,12.56,0.01,2.22,0.0,0.01,8.31,0.01,0.01,0.01,0.0,1212.6
0.1,0.0,4.3,14.3,0.01,2.6,0.0,0.01,8.3,0.01,0.49,0.01,0.0,1357.3
0.1,0.0,4.3,14.3,0.01,2.6,0.0,0.01,8.3,0.01,0.49,0.01,0.0,1343.6
0.12,0.0,4.3,14.3,0.01,2.5,0.0,0.01,8.4,0.01,0.47,0.01,0.0,1274.7
0.12,0.0,4.3,14.3,0.01,2.5,0.0,0.01,8.4,0.01,0.47,0.01,0.0,1274.7
0.43,0.0,7.48,11.85,0.01,1.47,0.0,0.01,10.25,0.01,0.56,0.01,0.0,1688.1
0.43,0.0,7.48,11.85,0.01,1.47,0.0,0.01,10.25,0.01,0.56,0.01,0.0,1522.7
0.43,0.0,7.48,11.85,0.01,1.47,0.0,0.01,10.25,0.01,0.56,0.01,0.0,1508.9
0.43,0.0,7.48,11.85,0.01,1.47,0.0,0.01,10.25,0.01,0.56,0.01,0.0,1612.3
0.43,0.0,7.48,11.85,0.01,1.47,0.0,0.01,10.25,0.01,0.56,0.01,0.0,1543.4
0.43,0.0,7.48,11.85,0.01,1.47,0.0,0.01,10.25,0.01,0.56,0.01,0.0,1653.6
0.43,0.0,7.48,11.85,0.01,1.47,0.0,0.01,10.25,0.01,0.56,0.01,0.0,1577.8
0.57,0.0,7.51,11.11,0.01,1.23,0.0,0.01,10.0,0.01,0.59,0.01,0.28,1722.5
0.57,0.0,7.51,11.11,0.01,1.23,0.0,0.01,10.0,0.01,0.59,0.01,0.28,1757.0
0.57,0.0,7.51,11.11,0.01,1.23,0.0,0.01,10.0,0.01,0.59,0.01,0.28,1743.2
0.57,0.0,7.51,11.11,0.01,1.23,0.0,0.01,10.0,0.01,0.59,0.01,0.28,1694.9
0.27,0.01,9.95,7.74,0.01,0.98,0.0,0.01,11.91,0.01,0.71,0.01,0.0,1853.4
0.27,0.01,9.95,7.74,0.01,0.98,0.0,0.01,11.91,0.01,0.71,0.01,0.0,1825.9
0.27,0.01,9.95,7.74,0.01,0.98,0.0,0.01,11.91,0.01,0.71,0.01,0.0,1819.0
0.27,0.01,9.95,7.74,0.01,0.98,0.0,0.01,11.91,0.01,0.71,0.01,0.0,1853.4
0.27,0.01,9.95,7.74,0.01,0.98,0.0,0.01,11.91,0.01,0.71,0.01,0.0,1570.9
0.27,0.01,9.95,7.74,0.01,0.98,0.0,0.01,11.91,0.01,0.71,0.01,0.0,1564.0
0.27,0.01,9.95,7.74,0.01,0.98,0.0,0.01,11.91,0.01,0.71,0.01,0.0,1832.7
0.27,0.01,9.95,7.74,0.01,0.98,0.0,0.01,11.91,0.01,0.71,0.01,0.0,1825.9
0.27,0.01,9.95,7.74,0.01,0.98,0.0,0.01,11.91,0.01,0.71,0.01,0.0,1839.6
0.27,0.01,9.95,7.74,0.01,0.98,0.0,0.01,11.91,0.01,0.71,0.01,0.0,1812.1
0.39,0.01,10.48,8.14,0.01,0.02,0.0,0.01,11.95,0.01,1.11,0.01,0.0,1743.2
0.39,0.01,10.48,8.14,0.01,0.02,0.0,0.01,11.95,0.01,1.11,0.01,0.0,1743.2
0.39,0.01,10.48,8.14,0.01,0.02,0.0,0.01,11.95,0.01,1.11,0.01,0.0,1867.2
0.39,0.01,10.48,8.14,0.01,0.02,0.0,0.01,11.95,0.01,1.11,0.01,0.0,1750.1
0.39,0.01,10.48,8.14,0.01,0.02,0.0,0.01,11.95,0.01,1.11,0.01,0.0,1708.7
0.39,0.01,10.48,8.14,0.01,0.02,0.0,0.01,11.95,0.01,1.11,0.01,0.0,1874.1
0.39,0.01,10.48,8.14,0.01,0.02,0.0,0.01,11.95,0.01,1.11,0.01,0.0,1750.1
0.39,0.01,10.48,8.14,0.01,0.02,0.0,0.01,11.95,0.01,1.11,0.01,0.0,1743.2
0.39,0.01,10.48,8.14,0.01,0.02,0.0,0.01,11.95,0.01,1.11,0.01,0.0,1757.0
0.39,0.01,10.48,8.14,0.01,0.02,0.0,0.01,11.95,0.01,1.11,0.01,0.0,1743.2
0.39,0.0,13.9,8.67,0.01,0.82,0.0,0.01,13.45,0.01,0.57,0.01,0.0,1660.5
0.39,0.0,13.9,8.67,0.01,0.82,0.0,0.01,13.45,0.01,0.57,0.01,0.0,1784.5
0.39,0.0,13.9,8.67,0.01,0.82,0.0,0.01,13.45,0.01,0.57,0.01,0.0,1763.8
0.43,0.01,9.24,8.84,0.01,1.19,0.0,0.01,10.81,0.01,0.57,0.41,0.0,1674.3
0.43,0.01,9.24,8.84,0.01,1.19,0.0,0.01,10.81,0.01,0.57,0.41,0.0,1846.5
0.43,0.01,9.24,8.84,0.01,1.19,0.0,0.01,10.81,0.01,0.57,0.41,0.0,1819.0
0.43,0.01,9.24,8.84,0.01,1.19,0.0,0.01,10.81,0.01,0.57,0.41,0.0,1681.2
0.01,0.23,13.45,3.12,0.01,1.2,0.0,0.01,11.03,0.02,0.01,0.01,0.0,1830.0
0.01,0.23,13.45,3.12,0.01,1.2,0.0,0.01,11.03,0.02,0.01,0.01,0.0,1805.9
0.01,0.21,13.48,3.11,0.01,1.19,0.0,0.01,11.11,0.01,0.01,0.01,0.0,1796.2
0.01,0.21,13.52,3.1,0.01,1.19,0.0,0.01,11.18,0.01,0.01,0.01,0.0,1792.1
0.01,0.21,13.48,3.11,0.01,1.19,0.0,0.01,11.11,0.01,0.01,0.01,0.0,1794.8
0.01,0.24,13.46,3.12,0.01,1.19,0.0,0.01,11.06,0.01,0.01,0.01,0.0,1802.4
0.01,0.23,13.48,3.11,0.01,1.19,0.0,0.01,11.26,0.01,0.01,0.01,0.0,1774.2
0.01,0.21,13.52,3.1,0.01,1.19,0.0,0.01,11.18,0.01,0.01,0.01,0.0,1792.1
0.01,0.24,13.46,3.12,0.01,1.19,0.0,0.01,11.06,0.01,0.01,0.01,0.0,1805.9
0.01,0.23,13.49,3.1,0.01,1.19,0.0,0.01,11.08,0.01,0.01,0.01,0.0,1761.1
0.01,0.23,13.48,3.11,0.01,1.19,0.0,0.01,11.26,0.01,0.01,0.01,0.0,1781.1
0.01,0.22,13.51,3.11,0.01,1.19,0.0,0.01,11.22,0.01,0.01,0.01,0.0,1729.4
0.01,0.23,13.49,3.1,0.01,1.19,0.0,0.01,11.08,0.01,0.01,0.01,0.0,1722.5
0.01,0.22,13.51,3.11,0.01,1.19,0.0,0.01,11.22,0.01,0.01,0.01,0.0,1757.6
0.01,0.23,13.46,3.11,0.01,1.18,0.0,0.01,11.16,0.01,0.01,0.01,0.0,1760.4
0.01,0.23,13.46,3.11,0.01,1.18,0.0,0.01,11.16,0.01,0.01,0.01,0.0,1732.8
0.08,0.01,0.01,0.01,0.01,1.0,0.0,0.01,18.1,0.01,1.8,0.01,0.0,1738.0
0.07,0.01,0.01,0.01,0.01,2.0,0.0,0.01,17.1,0.01,1.82,0.01,0.0,1875.0
0.12,0.01,0.01,0.01,0.01,2.1,0.0,0.01,17.5,0.01,2.0,2.0,0.0,1999.0
0.11,0.03,0.01,0.01,0.01,2.2,0.0,0.01,18.1,0.01,2.5,0.01,0.0,2006.0
0.08,0.02,0.01,0.01,0.01,0.64,0.0,0.01,17.8,0.01,2.03,0.01,0.0,1731.0
0.08,0.01,0.01,0.01,0.01,1.44,0.0,0.01,17.4,0.01,1.9,0.01,0.0,1393.0
0.05,0.0,0.01,0.01,0.01,3.1,0.0,0.01,18.1,0.01,1.4,0.01,0.0,1717.0
0.07,0.02,0.01,0.01,0.01,3.1,0.0,0.01,17.9,0.01,1.4,0.9,0.0,1731.0
0.09,0.02,0.01,0.01,0.01,0.02,0.0,0.01,17.5,0.01,2.06,1.9,0.0,1731.0
0.1,0.03,0.01,0.01,0.01,0.02,0.0,2.5,17.3,0.01,1.07,1.8,0.0,1731.0
0.12,0.02,0.01,0.01,0.01,1.4,0.0,0.01,15.3,0.01,2.1,0.01,0.0,1793.0
0.1,0.02,0.01,0.01,0.01,0.3,0.0,0.01,17.9,0.01,1.95,0.01,0.0,1675.0
0.1,0.02,0.01,0.01,0.01,2.0,0.0,0.01,15.7,0.01,1.98,0.01,0.0,1724.0
0.13,0.01,0.01,0.01,0.01,2.1,0.0,0.01,21.0,0.01,1.9,0.01,0.0,1662.0
0.12,0.02,6.9,0.01,0.01,5.1,0.0,0.01,18.6,0.01,0.64,0.01,0.0,1026.6
0.11,0.03,6.7,0.01,0.01,5.1,0.0,0.01,18.3,0.01,0.7,0.01,0.0,1109.3
0.16,0.04,8.0,0.01,0.01,6.0,0.0,0.01,18.8,0.01,0.42,0.01,0.0,1012.8
0.15,0.03,7.0,0.01,0.01,4.9,0.0,0.01,18.4,0.01,1.77,0.01,0.0,1233.3
0.12,0.02,6.7,0.01,0.01,5.1,0.0,0.01,18.6,0.01,0.89,0.01,0.0,1088.6
0.09,0.02,6.8,0.01,0.01,4.8,0.0,0.3,18.1,0.01,0.41,0.01,0.0,1005.9
0.09,0.02,6.2,5.0,0.01,4.8,0.0,0.01,11.1,0.01,0.82,0.01,0.0,1047.3
0.1,0.01,6.3,5.0,0.01,5.1,0.0,0.01,11.1,0.01,1.29,0.01,0.0,1123.1
0.09,0.01,6.2,5.0,0.01,5.0,0.0,0.01,11.2,0.01,1.81,0.01,0.0,1164.4
0.71,0.02,6.2,5.1,0.01,5.1,0.0,0.01,11.2,0.01,0.94,0.01,0.0,1074.8
0.71,0.02,6.2,5.1,0.01,5.1,0.0,0.01,11.2,0.01,0.94,0.01,0.0,1068.0
0.09,0.01,6.3,5.1,0.01,5.1,0.0,0.01,11.2,0.01,0.78,0.94,0.0,1033.5
0.09,0.01,6.3,5.1,0.01,5.1,0.0,0.01,11.2,0.01,0.78,0.94,0.0,1047.3
0.41,0.02,6.3,5.1,0.01,5.1,0.0,0.01,11.2,0.01,0.74,0.49,0.0,1116.2
0.41,0.02,6.3,5.1,0.01,5.1,0.0,0.01,11.2,0.01,0.74,0.49,0.0,1157.5
0.51,0.01,8.7,0.01,0.01,4.9,0.0,0.01,18.5,0.01,0.65,0.39,0.0,1164.4
0.39,0.01,8.7,0.01,0.01,4.8,0.0,0.01,17.0,0.01,0.67,0.34,0.0,1302.2
0.39,0.01,8.7,0.01,0.01,4.8,0.0,0.01,17.0,0.01,0.67,0.34,0.0,1302.2
0.39,0.01,8.7,0.01,0.01,4.8,0.0,0.01,17.0,0.01,0.67,0.34,0.0,1302.2
0.39,0.01,8.7,0.01,0.01,4.8,0.0,0.01,17.0,0.01,0.67,0.34,0.0,1281.5
0.39,0.01,8.7,0.01,0.01,4.8,0.0,0.01,17.0,0.01,0.67,0.34,0.0,1281.5
0.39,0.01,8.7,0.01,0.01,4.8,0.0,0.01,17.0,0.01,0.67,0.34,0.0,1254.0
0.95,0.01,8.7,0.01,0.01,4.8,0.0,0.01,18.5,0.01,0.72,0.43,0.0,1288.4
1.02,0.01,8.8,0.01,0.01,4.7,0.0,0.01,18.5,0.01,0.71,0.01,0.0,1309.1
0.36,0.02,8.7,0.01,0.01,4.8,0.0,0.01,14.9,0.01,0.71,0.26,0.0,1164.4
0.2,0.02,8.9,0.01,0.01,5.0,0.0,0.01,13.0,0.01,0.71,0.47,0.0,1061.1
0.6,0.01,9.1,0.01,0.01,5.1,0.0,0.01,15.3,0.01,0.68,0.01,0.0,1123.1
0.9,0.01,9.2,0.01,0.01,5.1,0.0,0.01,15.2,0.01,0.7,0.01,0.0,1936.1
0.9,0.01,9.2,0.01,0.01,5.1,0.0,0.01,15.2,0.01,0.7,0.01,0.0,1729.4
0.9,0.01,9.2,0.01,0.01,5.1,0.0,0.01,15.2,0.01,0.7,0.01,0.0,1619.2
0.9,0.01,9.2,0.01,0.01,5.1,0.0,0.01,15.2,0.01,0.7,0.01,0.0,1281.5
0.9,0.01,9.2,0.01,0.01,5.1,0.0,0.01,15.2,0.01,0.7,0.01,0.0,1281.5
0.9,0.01,9.2,0.01,0.01,5.1,0.0,0.01,15.2,0.01,0.7,0.01,0.0,1281.5
0.9,0.01,9.2,0.01,0.01,5.1,0.0,0.01,15.2,0.01,0.7,0.01,0.0,1281.5
0.9,0.01,9.2,0.01,0.01,5.1,0.0,0.01,15.2,0.01,0.7,0.01,0.0,1281.5
0.9,0.01,9.2,0.01,0.01,5.1,0.0,0.01,15.2,0.01,0.7,0.01,0.0,1281.5
0.9,0.01,9.2,0.01,0.01,5.1,0.0,0.01,15.2,0.01,0.7,0.01,0.0,1281.5
0.9,0.01,9.2,0.01,0.01,5.1,0.0,0.01,15.2,0.01,0.7,0.01,0.0,1281.5
0.9,0.01,9.2,0.01,0.01,5.1,0.0,0.01,15.2,0.01,0.7,0.01,0.0,1281.5
0.9,0.01,9.2,0.01,0.01,5.1,0.0,0.01,15.2,0.01,0.7,0.01,0.0,1281.5
0.9,0.01,9.2,0.01,0.01,5.1,0.0,0.01,15.2,0.01,0.7,0.01,0.0,1281.5
0.9,0.01,9.2,0.01,0.01,5.1,0.0,0.01,15.2,0.01,0.7,0.01,0.0,1502.0
0.9,0.01,9.2,0.01,0.01,5.1,0.0,0.01,15.2,0.01,0.7,0.01,0.0,1412.5
0.5,0.04,8.8,0.01,0.01,5.0,0.0,0.2,15.0,0.01,0.24,0.01,0.0,1019.7
0.98,0.03,8.8,0.01,0.01,5.0,0.0,0.2,15.0,0.01,0.26,0.01,0.0,1026.6
0.48,0.02,8.9,0.01,0.01,5.0,0.0,0.2,14.6,0.01,0.2,0.43,0.0,1026.6
0.03,0.1,5.0,12.0,0.5,0.02,0.0,0.01,2.0,0.3,0.0,0.01,6.0,1269.0
0.03,0.1,5.0,12.0,0.5,0.02,0.0,0.01,2.0,0.3,0.0,0.01,6.0,1232.0
0.03,0.1,5.0,12.0,0.5,0.02,0.0,0.01,2.0,0.3,0.0,0.01,6.0,1342.9
0.03,0.12,4.0,12.02,0.54,3.01,0.05,0.41,2.0,1.2,0.0,0.35,0.0,1074.9
0.03,0.1,9.75,12.32,0.53,0.02,0.03,0.01,0.01,0.26,0.0,0.01,6.0,1232.0
0.03,0.1,10.2,12.19,0.62,6.15,0.03,0.01,0.01,0.37,0.0,0.01,0.0,1258.2
0.03,0.1,10.2,12.2,0.62,6.15,0.03,0.01,0.01,0.37,0.0,0.01,0.0,1258.2
0.03,0.1,5.0,12.0,0.5,0.02,0.0,0.01,2.0,0.3,0.0,0.01,6.0,1099.6
0.03,0.11,10.2,11.89,0.58,3.88,0.02,0.01,0.01,0.22,0.0,0.01,0.0,1096.5
0.03,0.04,10.0,12.0,0.44,6.16,0.03,0.01,0.01,0.32,0.0,0.01,0.0,1219.7
0.03,0.08,10.0,12.16,0.59,6.3,0.05,0.01,0.01,0.3,0.0,0.01,0.0,1287.4
0.03,0.09,15.2,12.3,0.63,3.97,0.04,0.01,0.01,0.37,0.0,0.01,0.0,1131.9
0.03,0.1,15.2,12.19,0.57,8.9,0.02,0.01,0.01,0.24,0.0,0.01,0.0,1228.9
0.03,0.04,15.0,12.29,0.55,5.85,0.03,0.01,0.01,0.27,0.0,0.01,0.0,1287.4
0.03,0.09,14.8,12.28,0.66,0.02,0.03,0.01,0.01,0.27,0.0,0.01,8.0,1081.1
0.03,0.1,14.6,12.0,0.51,6.3,0.04,0.01,0.01,0.32,0.0,0.01,0.0,1155.0
0.03,0.07,15.2,11.76,0.57,6.32,0.05,0.01,0.01,0.32,0.0,0.01,0.0,1133.4
0.03,0.11,0.01,11.9,0.68,1.76,0.02,0.01,2.38,0.25,0.0,0.33,0.0,1021.0
0.05,0.15,13.5,14.5,0.01,5.0,0.0,0.01,0.01,0.01,0.0,0.01,0.0,1226.4
0.05,0.15,13.5,14.5,0.01,5.0,0.0,0.01,0.01,0.01,0.0,0.01,0.0,1260.9
0.05,0.15,13.5,14.5,0.01,5.0,0.0,0.01,0.01,0.01,0.0,0.01,0.0,1508.9
0.05,0.15,13.5,14.5,0.01,5.0,0.0,0.01,0.01,0.01,0.0,0.01,0.0,1481.4
0.05,0.15,13.5,14.5,0.01,5.0,0.0,0.01,0.01,0.01,0.0,0.01,0.0,1481.4
0.05,0.15,13.5,14.5,0.01,5.0,0.0,0.01,0.01,0.01,0.0,0.01,0.0,1508.9
0.05,0.15,13.5,14.5,0.01,5.0,0.0,0.01,0.01,0.01,0.0,0.01,0.0,1460.7
0.05,0.15,13.5,14.5,0.01,5.0,0.0,0.01,0.01,0.01,0.0,0.01,0.0,1446.9
0.05,0.15,13.5,14.5,0.01,5.0,0.0,0.01,0.01,0.01,0.0,0.01,0.0,1371.1
0.05,0.15,13.5,14.5,0.01,5.0,0.0,0.01,0.01,0.01,0.0,0.01,0.0,1433.1
0.05,0.15,13.5,14.5,0.01,5.0,0.0,0.01,0.01,0.01,0.0,0.01,0.0,1378.0
0.05,0.15,13.5,14.5,0.01,5.0,0.0,0.01,0.01,0.01,0.0,0.01,0.0,1350.4
0.05,0.15,13.5,14.5,0.01,5.0,0.0,0.01,0.01,0.01,0.0,0.01,0.0,1288.4
0.05,0.15,13.5,14.5,0.01,5.0,0.0,0.01,0.01,0.01,0.0,0.01,0.0,1178.2
0.05,0.15,13.5,14.5,0.01,5.0,0.0,0.01,0.01,0.01,0.0,0.01,0.0,1446.9
0.05,0.15,13.5,14.5,0.01,5.0,0.0,0.01,0.01,0.01,0.0,0.01,0.0,1157.5
0.05,0.15,13.5,14.5,0.01,5.0,0.0,0.01,0.01,0.01,0.0,0.01,0.0,1329.8
0.05,0.15,13.5,14.5,0.01,5.0,0.0,0.01,0.01,0.01,0.0,0.01,0.0,1343.6
0.05,0.15,13.5,14.5,0.01,5.0,0.0,0.01,0.01,0.01,0.0,0.01,0.0,1446.9
0.05,0.15,13.5,14.5,0.01,5.0,0.0,0.01,0.01,0.01,0.0,0.01,0.0,1343.6
0.05,0.15,13.5,14.5,0.01,5.0,0.0,0.01,0.01,0.01,0.0,0.01,0.0,1433.1
0.05,0.15,13.5,14.5,0.01,5.0,0.0,0.01,0.01,0.01,0.0,0.01,0.0,1267.8
0.05,0.15,13.5,14.5,0.01,5.0,0.0,0.01,0.01,0.01,0.0,0.01,0.0,1254.0
0.05,0.15,13.5,14.5,0.01,5.0,0.0,0.01,0.01,0.01,0.0,0.01,0.0,1130.0
0.05,0.15,13.5,14.5,0.01,5.0,0.0,0.01,0.01,0.01,0.0,0.01,0.0,1371.1
0.05,0.15,13.5,14.5,0.01,5.0,0.0,0.01,0.01,0.01,0.0,0.01,0.0,1226.4
0.05,0.15,13.5,14.5,0.01,5.0,0.0,0.01,0.01,0.01,0.0,0.01,0.0,1260.9
0.05,0.15,13.5,14.5,0.01,5.0,0.0,0.01,0.01,0.01,0.0,0.01,0.0,1605.4
0.05,0.15,13.5,14.5,0.01,5.0,0.0,0.01,0.01,0.01,0.0,0.01,0.0,1267.8
0.05,0.15,13.5,14.5,0.01,5.0,0.0,0.01,0.01,0.01,0.0,0.01,0.0,1481.4
0.05,0.15,13.5,14.5,0.01,5.0,0.0,0.01,0.01,0.01,0.0,0.01,0.0,1364.2
0.05,0.15,13.5,14.5,0.01,5.0,0.0,0.01,0.01,0.01,0.0,0.01,0.0,1467.6
0.05,0.15,13.5,14.5,0.01,5.0,0.0,0.01,0.01,0.01,0.0,0.01,0.0,1467.6
0.05,0.15,13.5,14.5,0.01,5.0,0.0,0.01,0.01,0.01,0.0,0.01,0.0,1378.0
0.05,0.15,13.5,14.5,0.01,5.0,0.0,0.01,0.01,0.01,0.0,0.01,0.0,1378.0
0.05,0.15,13.5,14.5,0.01,5.0,0.0,0.01,0.01,0.01,0.0,0.01,0.0,1488.2
0.05,0.15,13.5,14.5,0.01,5.0,0.0,0.01,0.01,0.01,0.0,0.01,0.0,1192.0
0.05,0.15,13.5,14.5,0.01,5.0,0.0,0.01,0.01,0.01,0.0,0.01,0.0,1412.5
0.05,0.15,13.5,14.5,0.01,5.0,0.0,0.01,0.01,0.01,0.0,0.01,0.0,1178.2
0.05,0.15,13.5,14.5,0.01,5.0,0.0,0.01,0.01,0.01,0.0,0.01,0.0,1047.3
0.05,0.15,13.5,14.5,0.01,5.0,0.0,0.01,0.01,0.01,0.0,0.01,0.0,1240.2
0.05,0.15,13.5,14.5,0.01,5.0,0.0,0.01,0.01,0.01,0.0,0.01,0.0,1005.9
0.05,0.15,13.5,14.5,0.01,5.0,0.0,0.01,0.01,0.01,0.0,0.01,0.0,1254.0
0.05,0.15,13.5,14.5,0.01,5.0,0.0,0.01,0.01,0.01,0.0,0.01,0.0,1178.2
0.05,0.15,13.5,14.5,0.01,5.0,0.0,0.01,0.01,0.01,0.0,0.01,0.0,1219.5
0.05,0.15,13.5,14.5,0.01,5.0,0.0,0.01,0.01,0.01,0.0,0.01,0.0,1584.7
0.05,0.15,13.5,14.5,0.01,5.0,0.0,0.01,0.01,0.01,0.0,0.01,0.0,1171.3
0.05,0.15,13.5,14.5,0.01,5.0,0.0,0.01,0.01,0.01,0.0,0.01,0.0,1391.8
0.05,0.15,13.5,14.5,0.01,5.0,0.0,0.01,0.01,0.01,0.0,0.01,0.0,1550.3
0.05,0.15,13.5,14.5,0.01,5.0,0.0,0.01,0.01,0.01,0.0,0.01,0.0,1550.3
0.05,0.15,13.5,14.5,0.01,5.0,0.0,0.01,0.01,0.01,0.0,0.01,0.0,1405.6
0.05,0.15,13.5,14.5,0.01,5.0,0.0,0.01,0.01,0.01,0.0,0.01,0.0,1130.0
0.05,0.15,13.5,14.5,0.01,5.0,0.0,0.01,0.01,0.01,0.0,0.01,0.0,1116.2
0.2,0.01,8.14,7.93,0.01,0.2,0.01,0.0,10.02,0.03,0.49,0.0,2.29,1180.0
1.8,0.01,8.02,9.9,0.04,2.75,0.0,0.0,6.99,0.04,0.0,0.0,2.43,1710.0
1.8,0.01,8.02,9.9,0.04,2.75,0.0,0.0,6.99,0.04,0.0,0.0,2.43,1240.0
1.8,0.01,8.02,9.9,0.04,2.75,0.0,0.0,6.99,0.04,0.0,0.0,2.43,1826.0
1.8,0.01,8.02,9.9,0.04,2.75,0.0,0.0,6.99,0.04,0.0,0.0,2.43,1853.0
1.8,0.01,8.02,9.9,0.04,2.75,0.0,0.0,6.99,0.04,0.0,0.0,2.43,1762.0
1.8,0.01,8.02,9.9,0.04,2.75,0.0,0.0,6.99,0.04,0.0,0.0,2.43,1347.0
1.8,0.01,8.02,9.9,0.04,2.75,0.0,0.0,6.99,0.04,0.0,0.0,2.43,1390.0
1.8,0.01,8.02,9.9,0.04,2.75,0.0,0.0,6.99,0.04,0.0,0.0,2.43,1323.0
1.8,0.01,8.02,9.9,0.04,2.75,0.0,0.0,6.99,0.04,0.0,0.0,2.43,1327.0
1.8,0.01,8.02,9.9,0.04,2.75,0.0,0.0,6.99,0.04,0.0,0.0,2.43,1960.0
1.8,0.01,8.02,9.9,0.04,2.75,0.0,0.0,6.99,0.04,0.0,0.0,2.43,1315.0
1.8,0.01,8.02,9.9,0.04,2.75,0.0,0.0,6.99,0.04,0.0,0.0,2.43,1928.0
1.8,0.01,8.02,9.9,0.04,2.75,0.0,0.0,6.99,0.04,0.0,0.0,2.43,2027.0
1.8,0.01,8.02,9.9,0.04,2.75,0.0,0.0,6.99,0.04,0.0,0.0,2.43,2099.0
1.8,0.01,8.02,9.9,0.04,2.75,0.0,0.0,6.99,0.04,0.0,0.0,2.43,2102.0
0.03,0.29,7.17,1.02,0.01,2.0,0.0,0.01,10.46,0.01,0.01,0.1,1.28,1683.0
0.03,0.01,10.05,10.12,0.01,5.48,0.0,0.01,7.01,0.01,0.0,0.01,0.0,1584.7
0.03,0.01,10.05,10.12,0.01,5.48,0.0,0.01,7.01,0.01,0.0,0.01,0.0,1609.5
0.03,0.01,10.05,10.12,0.01,5.48,0.0,0.01,7.01,0.01,0.0,0.01,0.0,1535.1
0.03,0.01,10.05,10.12,0.01,5.48,0.0,0.01,7.01,0.01,0.0,0.01,0.0,1475.8
0.03,0.0,10.96,10.09,0.01,5.48,0.01,0.01,6.98,0.01,0.0,0.01,0.0,1424.9
0.03,0.0,10.96,10.09,0.01,5.48,0.01,0.01,6.98,0.01,0.0,0.01,0.0,1322.9
0.03,0.01,10.05,10.12,0.01,5.48,0.0,0.01,7.01,0.01,0.0,0.01,0.0,1389.0
0.03,0.01,10.05,10.12,0.01,5.48,0.0,0.01,7.01,0.01,0.0,0.01,0.0,1322.9
0.03,0.32,4.9,6.61,0.23,5.75,0.0,0.01,0.01,0.01,0.0,0.92,0.0,1681.2
0.03,0.39,4.9,6.99,0.22,5.75,0.0,0.01,0.01,0.01,0.0,1.08,0.0,1688.1
0.03,0.43,4.99,7.14,0.21,5.62,0.0,0.01,0.01,0.01,0.0,1.02,0.0,1736.3
0.03,0.36,9.46,6.75,0.22,5.75,0.0,0.01,0.01,0.01,0.0,0.96,0.0,1846.5
0.03,0.35,4.9,7.15,0.23,5.78,0.0,0.01,0.01,0.01,0.0,1.02,1.54,1688.1
0.03,0.36,5.1,6.55,0.23,5.75,0.0,0.41,0.01,0.01,0.0,0.86,0.0,1653.6
0.03,0.37,4.99,7.19,0.23,5.71,0.0,0.78,0.01,0.01,0.0,1.1,0.0,1667.4
0.03,0.37,4.99,7.19,0.23,5.71,0.0,0.78,0.01,0.01,0.0,1.1,0.0,1012.8
0.03,0.36,4.93,7.72,0.21,5.71,0.0,0.01,0.01,0.01,0.0,1.15,0.0,1819.0
0.03,0.41,0.02,6.99,0.19,5.84,0.0,0.01,0.01,0.01,0.0,0.92,0.0,1812.1
0.03,0.38,4.9,7.27,0.18,3.77,0.0,0.01,0.01,0.01,0.0,0.96,0.0,1722.5
0.03,0.37,4.88,7.41,0.18,6.85,0.0,0.01,0.01,0.01,0.0,0.96,0.0,1784.5
0.03,0.38,4.91,7.43,0.18,9.67,0.0,0.01,0.01,0.01,0.0,0.96,0.0,1577.8
0.03,0.4,4.83,7.41,0.14,5.75,0.0,0.01,0.01,0.01,0.0,0.56,0.0,1805.2
0.03,0.38,4.88,7.39,0.19,5.75,0.0,0.01,0.01,0.01,0.0,0.06,0.0,1564.0
0.03,0.37,4.88,5.2,0.17,5.84,0.0,0.91,0.01,0.01,0.0,1.05,0.0,1860.3
0.03,0.4,4.87,9.69,0.18,5.84,0.0,0.01,0.01,0.01,0.0,0.96,0.0,1798.3
0.03,0.4,4.92,12.14,0.16,5.84,0.0,0.01,0.01,0.01,0.0,0.96,0.0,1667.4
0.03,0.36,5.03,7.11,0.17,0.25,0.0,0.01,0.01,0.01,0.0,1.08,9.18,1681.2
0.03,0.01,15.0,0.01,0.01,2.5,0.0,0.01,14.8,0.01,1.8,0.01,0.0,1999.5
0.03,0.01,14.8,0.01,0.01,6.02,0.0,0.01,15.0,0.01,0.62,0.01,0.0,1908.5
0.03,0.01,15.3,0.01,0.01,3.15,0.0,0.01,14.9,0.01,0.7,0.01,0.0,1750.1
0.03,0.01,15.3,0.01,0.01,5.1,0.0,0.01,15.1,0.01,0.2,0.01,0.0,1615.7
0.03,0.01,15.4,0.01,0.01,3.1,0.0,0.01,14.6,0.01,0.12,0.01,0.0,1506.8
0.03,0.02,15.5,0.01,0.01,0.02,0.0,0.01,14.7,0.01,0.43,0.01,0.0,1106.5
0.03,0.02,15.5,0.01,0.01,0.02,0.0,0.01,14.7,0.01,0.43,0.01,0.0,1183.0
0.03,0.02,15.4,0.01,0.01,0.92,0.0,0.01,14.5,0.01,0.41,0.01,0.0,1039.0
0.03,0.02,15.4,0.01,0.01,0.92,0.0,0.01,14.5,0.01,0.41,0.01,0.0,1285.7
0.03,0.02,15.4,0.01,0.01,0.92,0.0,0.01,14.5,0.01,0.41,0.01,0.0,1300.8
0.03,0.02,15.4,0.01,0.01,0.92,0.0,0.01,14.5,0.01,0.41,0.01,0.0,1222.3
0.03,0.01,15.0,0.01,0.01,2.5,0.0,0.01,14.8,0.01,1.8,0.01,0.0,1777.6
0.03,0.01,15.0,0.01,0.01,2.5,0.0,0.01,14.8,0.01,1.8,0.01,0.0,1574.4
0.03,0.01,15.0,0.01,0.01,2.5,0.0,0.01,14.8,0.01,1.8,0.01,0.0,1384.9
0.03,0.01,15.0,0.01,0.01,2.5,0.0,0.01,14.8,0.01,1.8,0.01,0.0,1119.6
0.03,0.01,15.4,0.01,0.01,3.1,0.0,0.01,14.6,0.01,0.12,0.01,0.0,1368.4
0.03,0.01,15.4,0.01,0.01,3.1,0.0,0.01,14.6,0.01,0.12,0.01,0.0,1169.2
0.03,0.01,15.4,0.01,0.01,3.1,0.0,0.01,14.6,0.01,0.12,0.01,0.0,1023.9
0.03,0.01,15.3,0.01,0.01,3.15,0.0,0.01,14.9,0.01,0.7,0.01,0.0,1772.8
0.03,0.01,15.3,0.01,0.01,3.15,0.0,0.01,14.9,0.01,0.7,0.01,0.0,1670.8
0.03,0.01,15.3,0.01,0.01,3.15,0.0,0.01,14.9,0.01,0.7,0.01,0.0,1626.7
0.03,0.01,15.3,0.01,0.01,3.15,0.0,0.01,14.9,0.01,0.7,0.01,0.0,1526.1
0.03,0.01,15.3,0.01,0.01,5.1,0.0,0.01,15.1,0.01,0.2,0.01,0.0,1867.2
0.03,0.01,15.3,0.01,0.01,5.1,0.0,0.01,15.1,0.01,0.2,0.01,0.0,2043.6
0.03,0.01,15.3,0.01,0.01,5.1,0.0,0.01,15.1,0.01,0.2,0.01,0.0,1269.8
0.03,0.01,15.3,0.01,0.01,5.1,0.0,0.01,15.1,0.01,0.2,0.01,0.0,1424.9
0.03,0.01,15.3,0.01,0.01,5.1,0.0,0.01,15.1,0.01,0.2,0.01,0.0,1119.6
0.03,0.01,15.3,0.01,0.01,5.1,0.0,0.01,15.1,0.01,0.2,0.01,0.0,1719.1
0.03,0.01,14.8,0.01,0.01,6.02,0.0,0.01,15.0,0.01,0.62,0.01,0.0,2244.1
0.03,0.01,14.8,0.01,0.01,6.02,0.0,0.01,15.0,0.01,0.62,0.01,0.0,1670.8
0.03,0.01,14.8,0.01,0.01,6.02,0.0,0.01,15.0,0.01,0.62,0.01,0.0,1510.3
0.03,0.01,14.8,0.01,0.01,6.02,0.0,0.01,15.0,0.01,0.62,0.01,0.0,1267.8
0.03,0.01,14.8,0.01,0.01,6.02,0.0,0.01,15.0,0.01,0.62,0.01,0.0,1018.3
0.03,0.1,0.01,17.0,3.0,0.02,0.0,0.01,4.2,0.3,0.0,0.01,0.0,1130.4
0.9,0.09,0.01,17.48,2.8,0.02,0.0,0.01,4.44,0.32,0.0,0.01,0.0,1259.7
0.9,0.09,0.01,17.48,2.8,0.02,0.0,0.01,4.44,0.32,0.0,0.01,0.0,1136.5
0.9,0.09,0.01,17.48,2.8,0.02,0.0,0.01,4.44,0.32,0.0,0.01,0.0,1313.6
0.03,0.09,0.01,16.92,2.16,1.04,0.0,0.01,4.26,0.18,0.0,0.01,0.0,1028.7
0.03,0.14,0.01,15.69,3.0,0.02,0.0,0.01,4.14,0.24,0.0,0.01,0.0,1201.2
0.03,0.14,0.01,15.69,3.0,0.02,0.0,0.01,4.14,0.24,0.0,0.01,0.0,1105.7
0.03,0.09,2.02,17.12,0.5,2.02,0.0,0.01,4.18,0.28,0.0,0.01,0.0,1150.4
0.03,0.09,2.02,17.12,0.5,2.02,0.0,0.01,4.18,0.28,0.0,0.01,0.0,1084.2
0.88,0.06,2.03,16.42,2.09,1.51,0.0,0.01,5.14,0.32,0.0,0.01,0.0,1241.2
0.88,0.06,2.03,16.42,2.09,1.51,0.0,0.01,5.14,0.32,0.0,0.01,0.0,1028.7
0.88,0.06,2.03,16.42,2.09,1.51,0.0,0.01,5.14,0.32,0.0,0.01,0.0,1284.4
0.88,0.06,2.03,16.42,2.09,1.51,0.0,0.01,5.14,0.32,0.0,0.01,0.0,1284.4
0.88,0.06,2.03,16.42,2.09,1.51,0.0,0.01,5.14,0.32,0.0,0.01,0.0,1349.0
0.88,0.06,2.03,16.42,2.09,1.51,0.0,0.01,5.14,0.32,0.0,0.01,0.0,1299.8
0.88,0.06,2.03,16.42,2.09,1.51,0.0,0.01,5.14,0.32,0.0,0.01,0.0,1327.5
0.88,0.06,2.03,16.42,2.09,1.51,0.0,0.01,5.14,0.32,0.0,0.01,0.0,1248.9
0.88,0.06,2.03,16.42,2.09,1.51,0.0,0.01,5.14,0.32,0.0,0.01,0.0,1068.8
0.03,0.09,0.01,17.5,1.0,2.75,0.1,0.01,4.2,0.5,0.0,0.01,0.0,1016.4
0.03,0.13,0.01,15.5,1.0,2.75,0.1,0.01,4.2,0.25,0.0,0.01,0.0,1247.4
0.03,0.13,0.01,15.5,1.0,2.75,0.1,0.01,4.2,0.25,0.0,0.01,0.0,1062.6
1.2,0.03,0.01,14.5,0.6,2.5,0.0,0.01,8.5,0.3,0.0,0.01,0.0,1478.4
1.2,0.07,0.01,15.0,0.6,2.25,0.0,0.01,7.0,0.3,0.0,0.01,0.0,1540.0
1.2,0.07,0.01,15.0,0.6,2.25,0.0,0.01,7.0,0.3,0.0,0.01,0.0,1386.0
1.2,0.07,0.01,17.0,0.6,0.02,0.0,0.01,7.0,0.3,0.0,0.01,0.0,1386.0
1.2,0.07,0.01,17.0,0.6,0.02,0.0,0.01,7.0,0.3,0.0,0.01,0.0,1339.8
0.03,0.0,0.01,5.15,0.06,3.2,0.0,0.01,10.2,0.05,0.09,0.01,0.0,1019.0
0.25,0.01,0.01,4.72,0.06,3.13,0.0,0.01,10.1,0.08,0.23,0.01,0.0,1172.0
0.52,0.02,0.01,4.83,0.07,3.2,0.0,0.01,10.2,0.1,0.24,0.01,0.0,1304.3
0.7,0.02,0.01,4.7,0.07,3.1,0.0,0.01,10.2,0.11,0.22,0.01,0.0,1420.0
0.15,0.03,0.01,8.9,0.07,3.25,0.0,0.01,8.45,0.04,0.23,0.01,0.0,1150.6
0.25,0.01,0.01,8.9,0.08,3.25,0.0,0.01,8.35,0.12,0.2,0.01,0.0,1169.2
0.9,0.01,0.01,9.0,0.08,3.25,0.0,0.01,8.5,0.12,0.23,0.01,0.0,1462.7
0.08,0.01,0.01,7.95,0.04,3.08,0.0,0.01,10.2,0.1,0.05,0.01,0.0,1061.7
0.06,0.01,0.01,7.8,0.06,3.2,0.0,0.01,10.2,0.05,0.1,0.01,0.0,1036.9
0.21,0.0,0.01,7.5,0.07,3.3,0.0,0.01,10.5,0.08,0.23,0.01,0.0,1263.6
0.52,0.01,0.01,7.6,0.05,3.05,0.0,0.01,10.3,0.09,0.2,0.01,0.0,1383.5
0.67,0.01,0.01,7.7,0.05,3.07,0.0,0.01,10.4,0.1,0.2,0.01,0.0,1475.8
0.91,0.02,0.01,7.4,0.06,3.25,0.0,0.01,10.3,0.08,0.23,0.01,0.0,1555.8
0.08,0.01,0.01,7.7,0.07,3.02,0.0,0.01,12.0,0.1,0.06,0.01,0.0,1010.8
0.25,0.03,0.01,7.5,0.05,3.05,0.0,0.01,12.1,0.11,0.2,0.01,0.0,1218.8
0.46,0.01,0.01,7.65,0.05,3.05,0.0,0.01,12.2,0.09,0.2,0.01,0.0,1414.5
0.63,0.01,0.01,7.7,0.05,3.05,0.0,0.01,12.2,0.1,0.2,0.01,0.0,1506.8
0.27,0.01,0.01,9.4,0.08,3.2,0.0,0.01,10.7,0.05,0.22,0.01,0.0,1267.8
0.36,0.01,0.01,10.5,0.01,3.1,0.0,0.01,10.3,0.01,0.11,0.01,0.0,1091.4
0.25,0.0,0.01,10.4,0.07,2.2,0.0,0.01,10.4,0.1,0.24,0.01,0.0,1236.1
0.25,0.0,0.01,10.4,0.07,2.2,0.0,0.01,10.4,0.1,0.24,0.01,0.0,1213.3
0.09,0.0,0.01,10.3,0.05,2.06,0.0,0.01,10.3,0.03,0.09,0.01,0.0,1032.1
0.36,0.01,0.01,10.6,0.05,2.06,0.0,0.01,10.6,0.02,0.08,0.01,0.0,1194.0
0.31,0.01,0.01,10.3,0.12,2.05,0.0,0.01,10.2,0.06,0.21,0.01,0.0,1258.8
0.35,0.0,0.01,10.3,0.05,2.06,0.0,0.01,10.2,0.02,0.17,0.01,0.0,1243.0
0.35,0.0,0.01,10.4,0.05,2.05,0.0,0.01,10.0,0.02,0.31,0.01,0.0,1282.2
0.26,0.0,0.01,10.4,0.12,1.97,0.0,0.01,9.2,0.08,0.21,0.01,0.0,1207.8
0.13,0.0,0.01,11.2,0.05,2.05,0.0,0.01,9.9,0.02,0.3,0.01,0.0,1172.0
0.23,0.0,0.01,9.9,0.12,2.1,0.0,0.01,10.5,0.07,0.22,0.01,0.0,1174.7
0.23,0.0,0.01,9.9,0.12,2.1,0.0,0.01,10.5,0.07,0.22,0.01,0.0,1126.5
0.27,0.01,0.01,10.2,0.11,2.05,0.0,0.01,10.3,0.18,0.22,0.01,0.0,1197.5
0.27,0.01,0.01,10.2,0.11,2.05,0.0,0.01,10.3,0.18,0.22,0.01,0.0,1153.4
0.2,0.0,0.01,10.2,0.11,2.05,0.0,0.01,10.4,0.3,0.22,0.01,0.0,1198.2
0.2,0.0,0.01,10.2,0.11,2.05,0.0,0.01,10.4,0.3,0.22,0.01,0.0,1149.3
0.25,0.0,0.01,10.2,0.1,2.0,0.0,0.01,10.4,0.41,0.23,0.01,0.0,1243.0
0.25,0.0,0.01,10.2,0.1,2.0,0.0,0.01,10.4,0.41,0.23,0.01,0.0,1200.2
0.31,0.01,0.01,10.3,0.12,2.05,0.0,0.01,10.2,0.06,0.21,0.01,0.0,1258.8
0.24,0.02,0.01,10.2,0.24,1.94,0.0,0.01,10.3,0.1,0.23,0.01,0.0,1195.4
0.24,0.02,0.01,10.2,0.24,1.94,0.0,0.01,10.3,0.1,0.23,0.01,0.0,1138.9
0.3,0.0,0.01,10.2,0.36,2.02,0.0,0.01,10.3,0.08,0.23,0.01,0.0,1189.9
0.3,0.0,0.01,10.2,0.36,2.02,0.0,0.01,10.3,0.08,0.23,0.01,0.0,1167.9
0.3,0.0,0.01,10.1,0.44,2.0,0.0,0.01,10.3,0.08,0.22,0.01,0.0,1188.5
0.3,0.0,0.01,10.1,0.44,2.0,0.0,0.01,10.3,0.08,0.22,0.01,0.0,1137.5
0.29,0.02,0.01,10.0,0.48,1.92,0.0,0.01,10.0,0.1,0.21,0.01,0.0,1222.3
0.29,0.02,0.01,10.0,0.48,1.92,0.0,0.01,10.0,0.1,0.21,0.01,0.0,1154.8
0.3,0.02,0.01,10.2,0.74,1.98,0.0,0.01,10.2,0.1,0.22,0.01,0.0,1149.9
0.3,0.02,0.01,10.2,0.74,1.98,0.0,0.01,10.2,0.1,0.22,0.01,0.0,1141.7
0.2,0.01,0.01,9.8,0.12,1.7,0.0,0.01,10.0,0.08,0.19,0.01,0.0,1150.6
0.2,0.01,0.01,9.8,0.12,1.7,0.0,0.01,10.0,0.08,0.19,0.01,0.0,1073.5
0.2,0.01,0.01,9.8,0.12,1.7,0.0,0.01,10.0,0.08,0.19,0.01,0.0,1083.8
0.2,0.01,0.01,9.8,0.12,1.7,0.0,0.01,10.0,0.08,0.19,0.01,0.0,1078.3
0.2,0.01,0.01,9.8,0.12,1.7,0.0,0.01,10.0,0.08,0.19,0.01,0.0,1105.8
0.2,0.01,0.01,9.8,0.12,1.7,0.0,0.01,10.0,0.08,0.19,0.01,0.0,1035.6
0.2,0.01,0.01,9.8,0.12,1.7,0.0,0.01,10.0,0.08,0.19,0.01,0.0,1081.7
0.23,0.01,0.01,10.2,0.03,2.2,0.0,0.01,10.5,0.03,0.24,0.01,0.0,1340.8
0.24,0.01,0.01,11.3,0.07,2.05,0.0,0.01,10.3,0.11,0.23,0.01,0.0,1207.1
0.24,0.01,0.01,11.3,0.07,2.05,0.0,0.01,10.3,0.11,0.23,0.01,0.0,1107.9
0.09,0.02,0.01,10.4,0.06,2.15,0.0,0.01,9.9,0.13,0.13,0.01,0.0,1005.9
0.03,0.27,3.9,0.41,0.27,0.49,0.0,0.01,8.28,0.01,0.0,0.07,0.0,1274.7
0.03,0.27,3.9,0.41,0.27,0.49,0.0,0.01,8.28,0.01,0.0,0.07,0.0,1274.7
0.03,0.27,3.9,0.41,0.27,0.49,0.0,0.01,8.28,0.01,0.0,0.07,0.0,1267.8
0.03,0.27,3.9,0.41,0.27,0.49,0.0,0.01,8.28,0.01,0.0,0.07,0.0,1267.8
0.03,0.27,3.9,0.41,0.27,0.49,0.0,0.01,8.28,0.01,0.0,0.07,0.0,1267.8
0.03,0.27,3.9,0.41,0.27,0.49,0.0,0.01,8.28,0.01,0.0,0.07,0.0,1274.7
0.03,0.27,3.9,0.41,0.27,0.49,0.0,0.01,8.28,0.01,0.0,0.07,0.0,1012.8
0.03,0.27,3.9,0.41,0.27,0.49,0.0,0.01,8.28,0.01,0.0,0.07,0.0,1012.8
0.03,0.27,3.9,0.41,0.27,0.49,0.0,0.01,8.28,0.01,0.0,0.07,0.0,1012.8
0.03,0.27,3.9,0.41,0.27,0.49,0.0,0.01,8.28,0.01,0.0,0.07,0.0,1123.1
0.03,0.27,3.9,0.41,0.27,0.49,0.0,0.01,8.28,0.01,0.0,0.07,0.0,1116.2
0.03,0.27,3.9,0.41,0.27,0.49,0.0,0.01,8.28,0.01,0.0,0.07,0.0,1102.4
0.03,0.27,3.9,0.41,0.27,0.49,0.0,0.01,8.28,0.01,0.0,0.07,0.0,1019.7
0.03,0.27,3.9,0.41,0.27,0.49,0.0,0.01,8.28,0.01,0.0,0.07,0.0,1116.2
0.03,0.27,3.9,0.41,0.27,0.49,0.0,0.01,8.28,0.01,0.0,0.07,0.0,1116.2
0.03,0.27,3.9,0.41,0.27,0.49,0.0,0.01,8.28,0.01,0.0,0.07,0.0,1005.9
0.03,0.27,3.9,0.41,0.27,0.49,0.0,0.01,8.28,0.01,0.0,0.07,0.0,1109.3
1.19,0.0,8.51,10.97,0.01,4.98,0.0,0.01,7.99,0.01,0.02,0.01,0.0,1853.4
1.19,0.0,8.51,10.97,0.01,4.98,0.0,0.01,7.99,0.01,0.02,0.01,0.0,1839.6
1.19,0.0,8.51,10.97,0.01,4.98,0.0,0.01,7.99,0.01,0.02,0.01,0.0,1846.5
1.19,0.0,8.51,10.97,0.01,4.98,0.0,0.01,7.99,0.01,0.02,0.01,0.0,1812.1
1.21,0.01,8.55,10.96,0.01,5.0,0.0,0.01,7.97,0.01,0.01,0.01,0.0,1812.1
1.21,0.01,8.55,10.96,0.01,5.0,0.0,0.01,7.97,0.01,0.01,0.01,0.0,1839.6
1.22,0.01,8.62,11.14,0.01,4.99,0.0,0.01,8.01,0.01,0.01,0.01,0.0,1853.4
1.22,0.01,8.62,11.14,0.01,4.99,0.0,0.01,8.01,0.01,0.01,0.01,0.0,1887.9
